/Users/Jason/CarND/CarND-Behavioral-Cloning-P3/data/right-turn/IMG/center_2017_09_24_16_01_47_561.jpg,/Users/Jason/CarND/CarND-Behavioral-Cloning-P3/data/right-turn/IMG/left_2017_09_24_16_01_47_561.jpg,/Users/Jason/CarND/CarND-Behavioral-Cloning-P3/data/right-turn/IMG/right_2017_09_24_16_01_47_561.jpg,0,0,0,3.864377
/Users/Jason/CarND/CarND-Behavioral-Cloning-P3/data/right-turn/IMG/center_2017_09_24_16_01_47_631.jpg,/Users/Jason/CarND/CarND-Behavioral-Cloning-P3/data/right-turn/IMG/left_2017_09_24_16_01_47_631.jpg,/Users/Jason/CarND/CarND-Behavioral-Cloning-P3/data/right-turn/IMG/right_2017_09_24_16_01_47_631.jpg,0,0,0,3.835287
/Users/Jason/CarND/CarND-Behavioral-Cloning-P3/data/right-turn/IMG/center_2017_09_24_16_01_47_700.jpg,/Users/Jason/CarND/CarND-Behavioral-Cloning-P3/data/right-turn/IMG/left_2017_09_24_16_01_47_700.jpg,/Users/Jason/CarND/CarND-Behavioral-Cloning-P3/data/right-turn/IMG/right_2017_09_24_16_01_47_700.jpg,0,0,0,3.813624
/Users/Jason/CarND/CarND-Behavioral-Cloning-P3/data/right-turn/IMG/center_2017_09_24_16_01_47_768.jpg,/Users/Jason/CarND/CarND-Behavioral-Cloning-P3/data/right-turn/IMG/left_2017_09_24_16_01_47_768.jpg,/Users/Jason/CarND/CarND-Behavioral-Cloning-P3/data/right-turn/IMG/right_2017_09_24_16_01_47_768.jpg,0,0,0,3.784943
/Users/Jason/CarND/CarND-Behavioral-Cloning-P3/data/right-turn/IMG/center_2017_09_24_16_01_47_837.jpg,/Users/Jason/CarND/CarND-Behavioral-Cloning-P3/data/right-turn/IMG/left_2017_09_24_16_01_47_837.jpg,/Users/Jason/CarND/CarND-Behavioral-Cloning-P3/data/right-turn/IMG/right_2017_09_24_16_01_47_837.jpg,0,0,0,3.763584
/Users/Jason/CarND/CarND-Behavioral-Cloning-P3/data/right-turn/IMG/center_2017_09_24_16_01_47_906.jpg,/Users/Jason/CarND/CarND-Behavioral-Cloning-P3/data/right-turn/IMG/left_2017_09_24_16_01_47_906.jpg,/Users/Jason/CarND/CarND-Behavioral-Cloning-P3/data/right-turn/IMG/right_2017_09_24_16_01_47_906.jpg,0,0,0,3.735305
/Users/Jason/CarND/CarND-Behavioral-Cloning-P3/data/right-turn/IMG/center_2017_09_24_16_01_47_980.jpg,/Users/Jason/CarND/CarND-Behavioral-Cloning-P3/data/right-turn/IMG/left_2017_09_24_16_01_47_980.jpg,/Users/Jason/CarND/CarND-Behavioral-Cloning-P3/data/right-turn/IMG/right_2017_09_24_16_01_47_980.jpg,0,0.06182384,0,3.726813
/Users/Jason/CarND/CarND-Behavioral-Cloning-P3/data/right-turn/IMG/center_2017_09_24_16_01_48_050.jpg,/Users/Jason/CarND/CarND-Behavioral-Cloning-P3/data/right-turn/IMG/left_2017_09_24_16_01_48_050.jpg,/Users/Jason/CarND/CarND-Behavioral-Cloning-P3/data/right-turn/IMG/right_2017_09_24_16_01_48_050.jpg,0,0.297015,0,3.904853
/Users/Jason/CarND/CarND-Behavioral-Cloning-P3/data/right-turn/IMG/center_2017_09_24_16_01_48_118.jpg,/Users/Jason/CarND/CarND-Behavioral-Cloning-P3/data/right-turn/IMG/left_2017_09_24_16_01_48_118.jpg,/Users/Jason/CarND/CarND-Behavioral-Cloning-P3/data/right-turn/IMG/right_2017_09_24_16_01_48_118.jpg,0,0.4872329,0,4.182161
/Users/Jason/CarND/CarND-Behavioral-Cloning-P3/data/right-turn/IMG/center_2017_09_24_16_01_48_186.jpg,/Users/Jason/CarND/CarND-Behavioral-Cloning-P3/data/right-turn/IMG/left_2017_09_24_16_01_48_186.jpg,/Users/Jason/CarND/CarND-Behavioral-Cloning-P3/data/right-turn/IMG/right_2017_09_24_16_01_48_186.jpg,0,0.7172189,0,4.755352
/Users/Jason/CarND/CarND-Behavioral-Cloning-P3/data/right-turn/IMG/center_2017_09_24_16_01_48_255.jpg,/Users/Jason/CarND/CarND-Behavioral-Cloning-P3/data/right-turn/IMG/left_2017_09_24_16_01_48_255.jpg,/Users/Jason/CarND/CarND-Behavioral-Cloning-P3/data/right-turn/IMG/right_2017_09_24_16_01_48_255.jpg,0,0.900546,0,5.328303
/Users/Jason/CarND/CarND-Behavioral-Cloning-P3/data/right-turn/IMG/center_2017_09_24_16_01_48_323.jpg,/Users/Jason/CarND/CarND-Behavioral-Cloning-P3/data/right-turn/IMG/left_2017_09_24_16_01_48_323.jpg,/Users/Jason/CarND/CarND-Behavioral-Cloning-P3/data/right-turn/IMG/right_2017_09_24_16_01_48_323.jpg,0,1,0,6.008198
/Users/Jason/CarND/CarND-Behavioral-Cloning-P3/data/right-turn/IMG/center_2017_09_24_16_01_48_390.jpg,/Users/Jason/CarND/CarND-Behavioral-Cloning-P3/data/right-turn/IMG/left_2017_09_24_16_01_48_390.jpg,/Users/Jason/CarND/CarND-Behavioral-Cloning-P3/data/right-turn/IMG/right_2017_09_24_16_01_48_390.jpg,0,1,0,6.928089
/Users/Jason/CarND/CarND-Behavioral-Cloning-P3/data/right-turn/IMG/center_2017_09_24_16_01_48_459.jpg,/Users/Jason/CarND/CarND-Behavioral-Cloning-P3/data/right-turn/IMG/left_2017_09_24_16_01_48_459.jpg,/Users/Jason/CarND/CarND-Behavioral-Cloning-P3/data/right-turn/IMG/right_2017_09_24_16_01_48_459.jpg,0,1,0,7.613311
/Users/Jason/CarND/CarND-Behavioral-Cloning-P3/data/right-turn/IMG/center_2017_09_24_16_01_48_527.jpg,/Users/Jason/CarND/CarND-Behavioral-Cloning-P3/data/right-turn/IMG/left_2017_09_24_16_01_48_527.jpg,/Users/Jason/CarND/CarND-Behavioral-Cloning-P3/data/right-turn/IMG/right_2017_09_24_16_01_48_527.jpg,0,1,0,8.520728
/Users/Jason/CarND/CarND-Behavioral-Cloning-P3/data/right-turn/IMG/center_2017_09_24_16_01_48_597.jpg,/Users/Jason/CarND/CarND-Behavioral-Cloning-P3/data/right-turn/IMG/left_2017_09_24_16_01_48_597.jpg,/Users/Jason/CarND/CarND-Behavioral-Cloning-P3/data/right-turn/IMG/right_2017_09_24_16_01_48_597.jpg,0,1,0,9.196641
/Users/Jason/CarND/CarND-Behavioral-Cloning-P3/data/right-turn/IMG/center_2017_09_24_16_01_48_666.jpg,/Users/Jason/CarND/CarND-Behavioral-Cloning-P3/data/right-turn/IMG/left_2017_09_24_16_01_48_666.jpg,/Users/Jason/CarND/CarND-Behavioral-Cloning-P3/data/right-turn/IMG/right_2017_09_24_16_01_48_666.jpg,0,1,0,10.09167
/Users/Jason/CarND/CarND-Behavioral-Cloning-P3/data/right-turn/IMG/center_2017_09_24_16_01_48_733.jpg,/Users/Jason/CarND/CarND-Behavioral-Cloning-P3/data/right-turn/IMG/left_2017_09_24_16_01_48_733.jpg,/Users/Jason/CarND/CarND-Behavioral-Cloning-P3/data/right-turn/IMG/right_2017_09_24_16_01_48_733.jpg,0,1,0,10.7583
/Users/Jason/CarND/CarND-Behavioral-Cloning-P3/data/right-turn/IMG/center_2017_09_24_16_01_48_805.jpg,/Users/Jason/CarND/CarND-Behavioral-Cloning-P3/data/right-turn/IMG/left_2017_09_24_16_01_48_805.jpg,/Users/Jason/CarND/CarND-Behavioral-Cloning-P3/data/right-turn/IMG/right_2017_09_24_16_01_48_805.jpg,0,1,0,11.52021
/Users/Jason/CarND/CarND-Behavioral-Cloning-P3/data/right-turn/IMG/center_2017_09_24_16_01_48_873.jpg,/Users/Jason/CarND/CarND-Behavioral-Cloning-P3/data/right-turn/IMG/left_2017_09_24_16_01_48_873.jpg,/Users/Jason/CarND/CarND-Behavioral-Cloning-P3/data/right-turn/IMG/right_2017_09_24_16_01_48_873.jpg,0,1,0,12.33961
/Users/Jason/CarND/CarND-Behavioral-Cloning-P3/data/right-turn/IMG/center_2017_09_24_16_01_48_940.jpg,/Users/Jason/CarND/CarND-Behavioral-Cloning-P3/data/right-turn/IMG/left_2017_09_24_16_01_48_940.jpg,/Users/Jason/CarND/CarND-Behavioral-Cloning-P3/data/right-turn/IMG/right_2017_09_24_16_01_48_940.jpg,0,1,0,12.96185
/Users/Jason/CarND/CarND-Behavioral-Cloning-P3/data/right-turn/IMG/center_2017_09_24_16_01_49_010.jpg,/Users/Jason/CarND/CarND-Behavioral-Cloning-P3/data/right-turn/IMG/left_2017_09_24_16_01_49_010.jpg,/Users/Jason/CarND/CarND-Behavioral-Cloning-P3/data/right-turn/IMG/right_2017_09_24_16_01_49_010.jpg,0,1,0,13.84609
/Users/Jason/CarND/CarND-Behavioral-Cloning-P3/data/right-turn/IMG/center_2017_09_24_16_01_49_079.jpg,/Users/Jason/CarND/CarND-Behavioral-Cloning-P3/data/right-turn/IMG/left_2017_09_24_16_01_49_079.jpg,/Users/Jason/CarND/CarND-Behavioral-Cloning-P3/data/right-turn/IMG/right_2017_09_24_16_01_49_079.jpg,0,1,0,14.45497
/Users/Jason/CarND/CarND-Behavioral-Cloning-P3/data/right-turn/IMG/center_2017_09_24_16_01_49_148.jpg,/Users/Jason/CarND/CarND-Behavioral-Cloning-P3/data/right-turn/IMG/left_2017_09_24_16_01_49_148.jpg,/Users/Jason/CarND/CarND-Behavioral-Cloning-P3/data/right-turn/IMG/right_2017_09_24_16_01_49_148.jpg,0,1,0,15.26421
/Users/Jason/CarND/CarND-Behavioral-Cloning-P3/data/right-turn/IMG/center_2017_09_24_16_01_49_215.jpg,/Users/Jason/CarND/CarND-Behavioral-Cloning-P3/data/right-turn/IMG/left_2017_09_24_16_01_49_215.jpg,/Users/Jason/CarND/CarND-Behavioral-Cloning-P3/data/right-turn/IMG/right_2017_09_24_16_01_49_215.jpg,0,1,0,16.00791
/Users/Jason/CarND/CarND-Behavioral-Cloning-P3/data/right-turn/IMG/center_2017_09_24_16_01_49_289.jpg,/Users/Jason/CarND/CarND-Behavioral-Cloning-P3/data/right-turn/IMG/left_2017_09_24_16_01_49_289.jpg,/Users/Jason/CarND/CarND-Behavioral-Cloning-P3/data/right-turn/IMG/right_2017_09_24_16_01_49_289.jpg,0,1,0,16.86742
/Users/Jason/CarND/CarND-Behavioral-Cloning-P3/data/right-turn/IMG/center_2017_09_24_16_01_49_356.jpg,/Users/Jason/CarND/CarND-Behavioral-Cloning-P3/data/right-turn/IMG/left_2017_09_24_16_01_49_356.jpg,/Users/Jason/CarND/CarND-Behavioral-Cloning-P3/data/right-turn/IMG/right_2017_09_24_16_01_49_356.jpg,0,1,0,17.33683
/Users/Jason/CarND/CarND-Behavioral-Cloning-P3/data/right-turn/IMG/center_2017_09_24_16_01_49_423.jpg,/Users/Jason/CarND/CarND-Behavioral-Cloning-P3/data/right-turn/IMG/left_2017_09_24_16_01_49_423.jpg,/Users/Jason/CarND/CarND-Behavioral-Cloning-P3/data/right-turn/IMG/right_2017_09_24_16_01_49_423.jpg,0.05,1,0,18.12798
/Users/Jason/CarND/CarND-Behavioral-Cloning-P3/data/right-turn/IMG/center_2017_09_24_16_01_49_491.jpg,/Users/Jason/CarND/CarND-Behavioral-Cloning-P3/data/right-turn/IMG/left_2017_09_24_16_01_49_491.jpg,/Users/Jason/CarND/CarND-Behavioral-Cloning-P3/data/right-turn/IMG/right_2017_09_24_16_01_49_491.jpg,0.25,1,0,18.91834
/Users/Jason/CarND/CarND-Behavioral-Cloning-P3/data/right-turn/IMG/center_2017_09_24_16_01_49_559.jpg,/Users/Jason/CarND/CarND-Behavioral-Cloning-P3/data/right-turn/IMG/left_2017_09_24_16_01_49_559.jpg,/Users/Jason/CarND/CarND-Behavioral-Cloning-P3/data/right-turn/IMG/right_2017_09_24_16_01_49_559.jpg,0.4,0.967249,0,19.33268
/Users/Jason/CarND/CarND-Behavioral-Cloning-P3/data/right-turn/IMG/center_2017_09_24_16_01_49_627.jpg,/Users/Jason/CarND/CarND-Behavioral-Cloning-P3/data/right-turn/IMG/left_2017_09_24_16_01_49_627.jpg,/Users/Jason/CarND/CarND-Behavioral-Cloning-P3/data/right-turn/IMG/right_2017_09_24_16_01_49_627.jpg,0.6292439,0.7280859,0,19.86527
/Users/Jason/CarND/CarND-Behavioral-Cloning-P3/data/right-turn/IMG/center_2017_09_24_16_01_49_695.jpg,/Users/Jason/CarND/CarND-Behavioral-Cloning-P3/data/right-turn/IMG/left_2017_09_24_16_01_49_695.jpg,/Users/Jason/CarND/CarND-Behavioral-Cloning-P3/data/right-turn/IMG/right_2017_09_24_16_01_49_695.jpg,0.44781,0.546652,0,20.31884
/Users/Jason/CarND/CarND-Behavioral-Cloning-P3/data/right-turn/IMG/center_2017_09_24_16_01_49_764.jpg,/Users/Jason/CarND/CarND-Behavioral-Cloning-P3/data/right-turn/IMG/left_2017_09_24_16_01_49_764.jpg,/Users/Jason/CarND/CarND-Behavioral-Cloning-P3/data/right-turn/IMG/right_2017_09_24_16_01_49_764.jpg,0.270816,0.369658,0,20.35532
/Users/Jason/CarND/CarND-Behavioral-Cloning-P3/data/right-turn/IMG/center_2017_09_24_16_01_49_831.jpg,/Users/Jason/CarND/CarND-Behavioral-Cloning-P3/data/right-turn/IMG/left_2017_09_24_16_01_49_831.jpg,/Users/Jason/CarND/CarND-Behavioral-Cloning-P3/data/right-turn/IMG/right_2017_09_24_16_01_49_831.jpg,0.02964592,0.1284879,0,20.41651
/Users/Jason/CarND/CarND-Behavioral-Cloning-P3/data/right-turn/IMG/center_2017_09_24_16_01_49_898.jpg,/Users/Jason/CarND/CarND-Behavioral-Cloning-P3/data/right-turn/IMG/left_2017_09_24_16_01_49_898.jpg,/Users/Jason/CarND/CarND-Behavioral-Cloning-P3/data/right-turn/IMG/right_2017_09_24_16_01_49_898.jpg,-0.05,0,0,20.54564
/Users/Jason/CarND/CarND-Behavioral-Cloning-P3/data/right-turn/IMG/center_2017_09_24_16_01_49_968.jpg,/Users/Jason/CarND/CarND-Behavioral-Cloning-P3/data/right-turn/IMG/left_2017_09_24_16_01_49_968.jpg,/Users/Jason/CarND/CarND-Behavioral-Cloning-P3/data/right-turn/IMG/right_2017_09_24_16_01_49_968.jpg,-0.25,0,0,20.3335
/Users/Jason/CarND/CarND-Behavioral-Cloning-P3/data/right-turn/IMG/center_2017_09_24_16_01_50_035.jpg,/Users/Jason/CarND/CarND-Behavioral-Cloning-P3/data/right-turn/IMG/left_2017_09_24_16_01_50_035.jpg,/Users/Jason/CarND/CarND-Behavioral-Cloning-P3/data/right-turn/IMG/right_2017_09_24_16_01_50_035.jpg,-0.3456781,0,0,19.84881
/Users/Jason/CarND/CarND-Behavioral-Cloning-P3/data/right-turn/IMG/center_2017_09_24_16_01_50_103.jpg,/Users/Jason/CarND/CarND-Behavioral-Cloning-P3/data/right-turn/IMG/left_2017_09_24_16_01_50_103.jpg,/Users/Jason/CarND/CarND-Behavioral-Cloning-P3/data/right-turn/IMG/right_2017_09_24_16_01_50_103.jpg,-0.1636291,0,0,20.02453
/Users/Jason/CarND/CarND-Behavioral-Cloning-P3/data/right-turn/IMG/center_2017_09_24_16_01_50_171.jpg,/Users/Jason/CarND/CarND-Behavioral-Cloning-P3/data/right-turn/IMG/left_2017_09_24_16_01_50_171.jpg,/Users/Jason/CarND/CarND-Behavioral-Cloning-P3/data/right-turn/IMG/right_2017_09_24_16_01_50_171.jpg,0,0,0,19.8653
/Users/Jason/CarND/CarND-Behavioral-Cloning-P3/data/right-turn/IMG/center_2017_09_24_16_01_50_241.jpg,/Users/Jason/CarND/CarND-Behavioral-Cloning-P3/data/right-turn/IMG/left_2017_09_24_16_01_50_241.jpg,/Users/Jason/CarND/CarND-Behavioral-Cloning-P3/data/right-turn/IMG/right_2017_09_24_16_01_50_241.jpg,0,0,0,19.38124
/Users/Jason/CarND/CarND-Behavioral-Cloning-P3/data/right-turn/IMG/center_2017_09_24_16_01_50_310.jpg,/Users/Jason/CarND/CarND-Behavioral-Cloning-P3/data/right-turn/IMG/left_2017_09_24_16_01_50_310.jpg,/Users/Jason/CarND/CarND-Behavioral-Cloning-P3/data/right-turn/IMG/right_2017_09_24_16_01_50_310.jpg,0.05,0,0,19.208
/Users/Jason/CarND/CarND-Behavioral-Cloning-P3/data/right-turn/IMG/center_2017_09_24_16_01_50_378.jpg,/Users/Jason/CarND/CarND-Behavioral-Cloning-P3/data/right-turn/IMG/left_2017_09_24_16_01_50_378.jpg,/Users/Jason/CarND/CarND-Behavioral-Cloning-P3/data/right-turn/IMG/right_2017_09_24_16_01_50_378.jpg,0.2,0,0,19.46271
/Users/Jason/CarND/CarND-Behavioral-Cloning-P3/data/right-turn/IMG/center_2017_09_24_16_01_50_446.jpg,/Users/Jason/CarND/CarND-Behavioral-Cloning-P3/data/right-turn/IMG/left_2017_09_24_16_01_50_446.jpg,/Users/Jason/CarND/CarND-Behavioral-Cloning-P3/data/right-turn/IMG/right_2017_09_24_16_01_50_446.jpg,0.384492,0,0,19.23994
/Users/Jason/CarND/CarND-Behavioral-Cloning-P3/data/right-turn/IMG/center_2017_09_24_16_01_50_515.jpg,/Users/Jason/CarND/CarND-Behavioral-Cloning-P3/data/right-turn/IMG/left_2017_09_24_16_01_50_515.jpg,/Users/Jason/CarND/CarND-Behavioral-Cloning-P3/data/right-turn/IMG/right_2017_09_24_16_01_50_515.jpg,0.198516,0,0,18.67907
/Users/Jason/CarND/CarND-Behavioral-Cloning-P3/data/right-turn/IMG/center_2017_09_24_16_01_50_584.jpg,/Users/Jason/CarND/CarND-Behavioral-Cloning-P3/data/right-turn/IMG/left_2017_09_24_16_01_50_584.jpg,/Users/Jason/CarND/CarND-Behavioral-Cloning-P3/data/right-turn/IMG/right_2017_09_24_16_01_50_584.jpg,0.02322006,0,0,19.02259
/Users/Jason/CarND/CarND-Behavioral-Cloning-P3/data/right-turn/IMG/center_2017_09_24_16_01_50_651.jpg,/Users/Jason/CarND/CarND-Behavioral-Cloning-P3/data/right-turn/IMG/left_2017_09_24_16_01_50_651.jpg,/Users/Jason/CarND/CarND-Behavioral-Cloning-P3/data/right-turn/IMG/right_2017_09_24_16_01_50_651.jpg,0,0,0,18.87044
/Users/Jason/CarND/CarND-Behavioral-Cloning-P3/data/right-turn/IMG/center_2017_09_24_16_01_50_720.jpg,/Users/Jason/CarND/CarND-Behavioral-Cloning-P3/data/right-turn/IMG/left_2017_09_24_16_01_50_720.jpg,/Users/Jason/CarND/CarND-Behavioral-Cloning-P3/data/right-turn/IMG/right_2017_09_24_16_01_50_720.jpg,0,0,0,18.27112
/Users/Jason/CarND/CarND-Behavioral-Cloning-P3/data/right-turn/IMG/center_2017_09_24_16_01_50_790.jpg,/Users/Jason/CarND/CarND-Behavioral-Cloning-P3/data/right-turn/IMG/left_2017_09_24_16_01_50_790.jpg,/Users/Jason/CarND/CarND-Behavioral-Cloning-P3/data/right-turn/IMG/right_2017_09_24_16_01_50_790.jpg,0,0,0,18.11449
/Users/Jason/CarND/CarND-Behavioral-Cloning-P3/data/right-turn/IMG/center_2017_09_24_16_01_50_857.jpg,/Users/Jason/CarND/CarND-Behavioral-Cloning-P3/data/right-turn/IMG/left_2017_09_24_16_01_50_857.jpg,/Users/Jason/CarND/CarND-Behavioral-Cloning-P3/data/right-turn/IMG/right_2017_09_24_16_01_50_857.jpg,0.15,0,0,18.49483
/Users/Jason/CarND/CarND-Behavioral-Cloning-P3/data/right-turn/IMG/center_2017_09_24_16_01_50_927.jpg,/Users/Jason/CarND/CarND-Behavioral-Cloning-P3/data/right-turn/IMG/left_2017_09_24_16_01_50_927.jpg,/Users/Jason/CarND/CarND-Behavioral-Cloning-P3/data/right-turn/IMG/right_2017_09_24_16_01_50_927.jpg,0.2253179,0,0,18.32162
/Users/Jason/CarND/CarND-Behavioral-Cloning-P3/data/right-turn/IMG/center_2017_09_24_16_01_50_994.jpg,/Users/Jason/CarND/CarND-Behavioral-Cloning-P3/data/right-turn/IMG/left_2017_09_24_16_01_50_994.jpg,/Users/Jason/CarND/CarND-Behavioral-Cloning-P3/data/right-turn/IMG/right_2017_09_24_16_01_50_994.jpg,0.04379993,0,0,17.69788
/Users/Jason/CarND/CarND-Behavioral-Cloning-P3/data/right-turn/IMG/center_2017_09_24_16_01_51_062.jpg,/Users/Jason/CarND/CarND-Behavioral-Cloning-P3/data/right-turn/IMG/left_2017_09_24_16_01_51_062.jpg,/Users/Jason/CarND/CarND-Behavioral-Cloning-P3/data/right-turn/IMG/right_2017_09_24_16_01_51_062.jpg,0,0,0,18.09721
/Users/Jason/CarND/CarND-Behavioral-Cloning-P3/data/right-turn/IMG/center_2017_09_24_16_01_51_130.jpg,/Users/Jason/CarND/CarND-Behavioral-Cloning-P3/data/right-turn/IMG/left_2017_09_24_16_01_51_130.jpg,/Users/Jason/CarND/CarND-Behavioral-Cloning-P3/data/right-turn/IMG/right_2017_09_24_16_01_51_130.jpg,0.05,0,0,17.95331
/Users/Jason/CarND/CarND-Behavioral-Cloning-P3/data/right-turn/IMG/center_2017_09_24_16_01_51_199.jpg,/Users/Jason/CarND/CarND-Behavioral-Cloning-P3/data/right-turn/IMG/left_2017_09_24_16_01_51_199.jpg,/Users/Jason/CarND/CarND-Behavioral-Cloning-P3/data/right-turn/IMG/right_2017_09_24_16_01_51_199.jpg,0.2,0,0,17.3217
/Users/Jason/CarND/CarND-Behavioral-Cloning-P3/data/right-turn/IMG/center_2017_09_24_16_01_51_268.jpg,/Users/Jason/CarND/CarND-Behavioral-Cloning-P3/data/right-turn/IMG/left_2017_09_24_16_01_51_268.jpg,/Users/Jason/CarND/CarND-Behavioral-Cloning-P3/data/right-turn/IMG/right_2017_09_24_16_01_51_268.jpg,0.1260842,0,0,17.14943
/Users/Jason/CarND/CarND-Behavioral-Cloning-P3/data/right-turn/IMG/center_2017_09_24_16_01_51_336.jpg,/Users/Jason/CarND/CarND-Behavioral-Cloning-P3/data/right-turn/IMG/left_2017_09_24_16_01_51_336.jpg,/Users/Jason/CarND/CarND-Behavioral-Cloning-P3/data/right-turn/IMG/right_2017_09_24_16_01_51_336.jpg,0,0,0,17.57376
/Users/Jason/CarND/CarND-Behavioral-Cloning-P3/data/right-turn/IMG/center_2017_09_24_16_01_51_404.jpg,/Users/Jason/CarND/CarND-Behavioral-Cloning-P3/data/right-turn/IMG/left_2017_09_24_16_01_51_404.jpg,/Users/Jason/CarND/CarND-Behavioral-Cloning-P3/data/right-turn/IMG/right_2017_09_24_16_01_51_404.jpg,0,0,0,16.93487
/Users/Jason/CarND/CarND-Behavioral-Cloning-P3/data/right-turn/IMG/center_2017_09_24_16_01_51_471.jpg,/Users/Jason/CarND/CarND-Behavioral-Cloning-P3/data/right-turn/IMG/left_2017_09_24_16_01_51_471.jpg,/Users/Jason/CarND/CarND-Behavioral-Cloning-P3/data/right-turn/IMG/right_2017_09_24_16_01_51_471.jpg,0.15,0,0,16.79183
/Users/Jason/CarND/CarND-Behavioral-Cloning-P3/data/right-turn/IMG/center_2017_09_24_16_01_51_539.jpg,/Users/Jason/CarND/CarND-Behavioral-Cloning-P3/data/right-turn/IMG/left_2017_09_24_16_01_51_539.jpg,/Users/Jason/CarND/CarND-Behavioral-Cloning-P3/data/right-turn/IMG/right_2017_09_24_16_01_51_539.jpg,0.2268748,0,0,17.20475
/Users/Jason/CarND/CarND-Behavioral-Cloning-P3/data/right-turn/IMG/center_2017_09_24_16_01_51_608.jpg,/Users/Jason/CarND/CarND-Behavioral-Cloning-P3/data/right-turn/IMG/left_2017_09_24_16_01_51_608.jpg,/Users/Jason/CarND/CarND-Behavioral-Cloning-P3/data/right-turn/IMG/right_2017_09_24_16_01_51_608.jpg,0.1034237,0,0,17.06714
/Users/Jason/CarND/CarND-Behavioral-Cloning-P3/data/right-turn/IMG/center_2017_09_24_16_01_51_675.jpg,/Users/Jason/CarND/CarND-Behavioral-Cloning-P3/data/right-turn/IMG/left_2017_09_24_16_01_51_675.jpg,/Users/Jason/CarND/CarND-Behavioral-Cloning-P3/data/right-turn/IMG/right_2017_09_24_16_01_51_675.jpg,0.2534237,0,0,16.42234
/Users/Jason/CarND/CarND-Behavioral-Cloning-P3/data/right-turn/IMG/center_2017_09_24_16_01_51_743.jpg,/Users/Jason/CarND/CarND-Behavioral-Cloning-P3/data/right-turn/IMG/left_2017_09_24_16_01_51_743.jpg,/Users/Jason/CarND/CarND-Behavioral-Cloning-P3/data/right-turn/IMG/right_2017_09_24_16_01_51_743.jpg,0.348729,0,0,16.82357
/Users/Jason/CarND/CarND-Behavioral-Cloning-P3/data/right-turn/IMG/center_2017_09_24_16_01_51_813.jpg,/Users/Jason/CarND/CarND-Behavioral-Cloning-P3/data/right-turn/IMG/left_2017_09_24_16_01_51_813.jpg,/Users/Jason/CarND/CarND-Behavioral-Cloning-P3/data/right-turn/IMG/right_2017_09_24_16_01_51_813.jpg,0.1071839,0,0,16.68764
/Users/Jason/CarND/CarND-Behavioral-Cloning-P3/data/right-turn/IMG/center_2017_09_24_16_01_51_881.jpg,/Users/Jason/CarND/CarND-Behavioral-Cloning-P3/data/right-turn/IMG/left_2017_09_24_16_01_51_881.jpg,/Users/Jason/CarND/CarND-Behavioral-Cloning-P3/data/right-turn/IMG/right_2017_09_24_16_01_51_881.jpg,0.05,0,0,16.03416
/Users/Jason/CarND/CarND-Behavioral-Cloning-P3/data/right-turn/IMG/center_2017_09_24_16_01_51_950.jpg,/Users/Jason/CarND/CarND-Behavioral-Cloning-P3/data/right-turn/IMG/left_2017_09_24_16_01_51_950.jpg,/Users/Jason/CarND/CarND-Behavioral-Cloning-P3/data/right-turn/IMG/right_2017_09_24_16_01_51_950.jpg,0.25,0,0,15.90417
/Users/Jason/CarND/CarND-Behavioral-Cloning-P3/data/right-turn/IMG/center_2017_09_24_16_01_52_020.jpg,/Users/Jason/CarND/CarND-Behavioral-Cloning-P3/data/right-turn/IMG/left_2017_09_24_16_01_52_020.jpg,/Users/Jason/CarND/CarND-Behavioral-Cloning-P3/data/right-turn/IMG/right_2017_09_24_16_01_52_020.jpg,0.3920129,0,0,16.2993
/Users/Jason/CarND/CarND-Behavioral-Cloning-P3/data/right-turn/IMG/center_2017_09_24_16_01_52_089.jpg,/Users/Jason/CarND/CarND-Behavioral-Cloning-P3/data/right-turn/IMG/left_2017_09_24_16_01_52_089.jpg,/Users/Jason/CarND/CarND-Behavioral-Cloning-P3/data/right-turn/IMG/right_2017_09_24_16_01_52_089.jpg,0.1528829,0,0,16.17812
/Users/Jason/CarND/CarND-Behavioral-Cloning-P3/data/right-turn/IMG/center_2017_09_24_16_01_52_158.jpg,/Users/Jason/CarND/CarND-Behavioral-Cloning-P3/data/right-turn/IMG/left_2017_09_24_16_01_52_158.jpg,/Users/Jason/CarND/CarND-Behavioral-Cloning-P3/data/right-turn/IMG/right_2017_09_24_16_01_52_158.jpg,0.1914159,0,0,15.55664
/Users/Jason/CarND/CarND-Behavioral-Cloning-P3/data/right-turn/IMG/center_2017_09_24_16_01_52_228.jpg,/Users/Jason/CarND/CarND-Behavioral-Cloning-P3/data/right-turn/IMG/left_2017_09_24_16_01_52_228.jpg,/Users/Jason/CarND/CarND-Behavioral-Cloning-P3/data/right-turn/IMG/right_2017_09_24_16_01_52_228.jpg,0.391416,0,0,15.41067
/Users/Jason/CarND/CarND-Behavioral-Cloning-P3/data/right-turn/IMG/center_2017_09_24_16_01_52_295.jpg,/Users/Jason/CarND/CarND-Behavioral-Cloning-P3/data/right-turn/IMG/left_2017_09_24_16_01_52_295.jpg,/Users/Jason/CarND/CarND-Behavioral-Cloning-P3/data/right-turn/IMG/right_2017_09_24_16_01_52_295.jpg,0.5162728,0,0,15.78256
/Users/Jason/CarND/CarND-Behavioral-Cloning-P3/data/right-turn/IMG/center_2017_09_24_16_01_52_364.jpg,/Users/Jason/CarND/CarND-Behavioral-Cloning-P3/data/right-turn/IMG/left_2017_09_24_16_01_52_364.jpg,/Users/Jason/CarND/CarND-Behavioral-Cloning-P3/data/right-turn/IMG/right_2017_09_24_16_01_52_364.jpg,0.3433979,0,0,15.15925
/Users/Jason/CarND/CarND-Behavioral-Cloning-P3/data/right-turn/IMG/center_2017_09_24_16_01_52_435.jpg,/Users/Jason/CarND/CarND-Behavioral-Cloning-P3/data/right-turn/IMG/left_2017_09_24_16_01_52_435.jpg,/Users/Jason/CarND/CarND-Behavioral-Cloning-P3/data/right-turn/IMG/right_2017_09_24_16_01_52_435.jpg,0.5433979,0,0,15.01499
/Users/Jason/CarND/CarND-Behavioral-Cloning-P3/data/right-turn/IMG/center_2017_09_24_16_01_52_504.jpg,/Users/Jason/CarND/CarND-Behavioral-Cloning-P3/data/right-turn/IMG/left_2017_09_24_16_01_52_504.jpg,/Users/Jason/CarND/CarND-Behavioral-Cloning-P3/data/right-turn/IMG/right_2017_09_24_16_01_52_504.jpg,0.6655438,0,0,15.37143
/Users/Jason/CarND/CarND-Behavioral-Cloning-P3/data/right-turn/IMG/center_2017_09_24_16_01_52_572.jpg,/Users/Jason/CarND/CarND-Behavioral-Cloning-P3/data/right-turn/IMG/left_2017_09_24_16_01_52_572.jpg,/Users/Jason/CarND/CarND-Behavioral-Cloning-P3/data/right-turn/IMG/right_2017_09_24_16_01_52_572.jpg,0.419637,0,0,15.25287
/Users/Jason/CarND/CarND-Behavioral-Cloning-P3/data/right-turn/IMG/center_2017_09_24_16_01_52_640.jpg,/Users/Jason/CarND/CarND-Behavioral-Cloning-P3/data/right-turn/IMG/left_2017_09_24_16_01_52_640.jpg,/Users/Jason/CarND/CarND-Behavioral-Cloning-P3/data/right-turn/IMG/right_2017_09_24_16_01_52_640.jpg,0.2375548,0,0,14.66928
/Users/Jason/CarND/CarND-Behavioral-Cloning-P3/data/right-turn/IMG/center_2017_09_24_16_01_52_709.jpg,/Users/Jason/CarND/CarND-Behavioral-Cloning-P3/data/right-turn/IMG/left_2017_09_24_16_01_52_709.jpg,/Users/Jason/CarND/CarND-Behavioral-Cloning-P3/data/right-turn/IMG/right_2017_09_24_16_01_52_709.jpg,0,0,0,14.52319
/Users/Jason/CarND/CarND-Behavioral-Cloning-P3/data/right-turn/IMG/center_2017_09_24_16_01_52_776.jpg,/Users/Jason/CarND/CarND-Behavioral-Cloning-P3/data/right-turn/IMG/left_2017_09_24_16_01_52_776.jpg,/Users/Jason/CarND/CarND-Behavioral-Cloning-P3/data/right-turn/IMG/right_2017_09_24_16_01_52_776.jpg,0,0,0,14.93435
/Users/Jason/CarND/CarND-Behavioral-Cloning-P3/data/right-turn/IMG/center_2017_09_24_16_01_52_846.jpg,/Users/Jason/CarND/CarND-Behavioral-Cloning-P3/data/right-turn/IMG/left_2017_09_24_16_01_52_846.jpg,/Users/Jason/CarND/CarND-Behavioral-Cloning-P3/data/right-turn/IMG/right_2017_09_24_16_01_52_846.jpg,0,0,0,14.83407
/Users/Jason/CarND/CarND-Behavioral-Cloning-P3/data/right-turn/IMG/center_2017_09_24_16_01_52_916.jpg,/Users/Jason/CarND/CarND-Behavioral-Cloning-P3/data/right-turn/IMG/left_2017_09_24_16_01_52_916.jpg,/Users/Jason/CarND/CarND-Behavioral-Cloning-P3/data/right-turn/IMG/right_2017_09_24_16_01_52_916.jpg,0,0,0,14.1947
/Users/Jason/CarND/CarND-Behavioral-Cloning-P3/data/right-turn/IMG/center_2017_09_24_16_01_52_987.jpg,/Users/Jason/CarND/CarND-Behavioral-Cloning-P3/data/right-turn/IMG/left_2017_09_24_16_01_52_987.jpg,/Users/Jason/CarND/CarND-Behavioral-Cloning-P3/data/right-turn/IMG/right_2017_09_24_16_01_52_987.jpg,0,0,0,14.13464
/Users/Jason/CarND/CarND-Behavioral-Cloning-P3/data/right-turn/IMG/center_2017_09_24_16_01_53_055.jpg,/Users/Jason/CarND/CarND-Behavioral-Cloning-P3/data/right-turn/IMG/left_2017_09_24_16_01_53_055.jpg,/Users/Jason/CarND/CarND-Behavioral-Cloning-P3/data/right-turn/IMG/right_2017_09_24_16_01_53_055.jpg,0.15,0,0,14.54796
/Users/Jason/CarND/CarND-Behavioral-Cloning-P3/data/right-turn/IMG/center_2017_09_24_16_01_53_124.jpg,/Users/Jason/CarND/CarND-Behavioral-Cloning-P3/data/right-turn/IMG/left_2017_09_24_16_01_53_124.jpg,/Users/Jason/CarND/CarND-Behavioral-Cloning-P3/data/right-turn/IMG/right_2017_09_24_16_01_53_124.jpg,0.3,0,0,13.91058
/Users/Jason/CarND/CarND-Behavioral-Cloning-P3/data/right-turn/IMG/center_2017_09_24_16_01_53_193.jpg,/Users/Jason/CarND/CarND-Behavioral-Cloning-P3/data/right-turn/IMG/left_2017_09_24_16_01_53_193.jpg,/Users/Jason/CarND/CarND-Behavioral-Cloning-P3/data/right-turn/IMG/right_2017_09_24_16_01_53_193.jpg,0.2573632,0,0,13.75745
/Users/Jason/CarND/CarND-Behavioral-Cloning-P3/data/right-turn/IMG/center_2017_09_24_16_01_53_261.jpg,/Users/Jason/CarND/CarND-Behavioral-Cloning-P3/data/right-turn/IMG/left_2017_09_24_16_01_53_261.jpg,/Users/Jason/CarND/CarND-Behavioral-Cloning-P3/data/right-turn/IMG/right_2017_09_24_16_01_53_261.jpg,0.4073632,0,0,14.14406
/Users/Jason/CarND/CarND-Behavioral-Cloning-P3/data/right-turn/IMG/center_2017_09_24_16_01_53_329.jpg,/Users/Jason/CarND/CarND-Behavioral-Cloning-P3/data/right-turn/IMG/left_2017_09_24_16_01_53_329.jpg,/Users/Jason/CarND/CarND-Behavioral-Cloning-P3/data/right-turn/IMG/right_2017_09_24_16_01_53_329.jpg,0.5164052,0,0,13.9858
/Users/Jason/CarND/CarND-Behavioral-Cloning-P3/data/right-turn/IMG/center_2017_09_24_16_01_53_399.jpg,/Users/Jason/CarND/CarND-Behavioral-Cloning-P3/data/right-turn/IMG/left_2017_09_24_16_01_53_399.jpg,/Users/Jason/CarND/CarND-Behavioral-Cloning-P3/data/right-turn/IMG/right_2017_09_24_16_01_53_399.jpg,0.3411811,0,0,13.35084
/Users/Jason/CarND/CarND-Behavioral-Cloning-P3/data/right-turn/IMG/center_2017_09_24_16_01_53_468.jpg,/Users/Jason/CarND/CarND-Behavioral-Cloning-P3/data/right-turn/IMG/left_2017_09_24_16_01_53_468.jpg,/Users/Jason/CarND/CarND-Behavioral-Cloning-P3/data/right-turn/IMG/right_2017_09_24_16_01_53_468.jpg,0.09880811,0,0,13.26789
/Users/Jason/CarND/CarND-Behavioral-Cloning-P3/data/right-turn/IMG/center_2017_09_24_16_01_53_536.jpg,/Users/Jason/CarND/CarND-Behavioral-Cloning-P3/data/right-turn/IMG/left_2017_09_24_16_01_53_536.jpg,/Users/Jason/CarND/CarND-Behavioral-Cloning-P3/data/right-turn/IMG/right_2017_09_24_16_01_53_536.jpg,0.2488081,0,0,13.7332
/Users/Jason/CarND/CarND-Behavioral-Cloning-P3/data/right-turn/IMG/center_2017_09_24_16_01_53_604.jpg,/Users/Jason/CarND/CarND-Behavioral-Cloning-P3/data/right-turn/IMG/left_2017_09_24_16_01_53_604.jpg,/Users/Jason/CarND/CarND-Behavioral-Cloning-P3/data/right-turn/IMG/right_2017_09_24_16_01_53_604.jpg,0.2222459,0,0,13.21829
/Users/Jason/CarND/CarND-Behavioral-Cloning-P3/data/right-turn/IMG/center_2017_09_24_16_01_53_672.jpg,/Users/Jason/CarND/CarND-Behavioral-Cloning-P3/data/right-turn/IMG/left_2017_09_24_16_01_53_672.jpg,/Users/Jason/CarND/CarND-Behavioral-Cloning-P3/data/right-turn/IMG/right_2017_09_24_16_01_53_672.jpg,0,0,0,12.99768
/Users/Jason/CarND/CarND-Behavioral-Cloning-P3/data/right-turn/IMG/center_2017_09_24_16_01_53_743.jpg,/Users/Jason/CarND/CarND-Behavioral-Cloning-P3/data/right-turn/IMG/left_2017_09_24_16_01_53_743.jpg,/Users/Jason/CarND/CarND-Behavioral-Cloning-P3/data/right-turn/IMG/right_2017_09_24_16_01_53_743.jpg,0,0,0,13.38826
/Users/Jason/CarND/CarND-Behavioral-Cloning-P3/data/right-turn/IMG/center_2017_09_24_16_01_53_810.jpg,/Users/Jason/CarND/CarND-Behavioral-Cloning-P3/data/right-turn/IMG/left_2017_09_24_16_01_53_810.jpg,/Users/Jason/CarND/CarND-Behavioral-Cloning-P3/data/right-turn/IMG/right_2017_09_24_16_01_53_810.jpg,0.1,0,0,13.31805
/Users/Jason/CarND/CarND-Behavioral-Cloning-P3/data/right-turn/IMG/center_2017_09_24_16_01_53_881.jpg,/Users/Jason/CarND/CarND-Behavioral-Cloning-P3/data/right-turn/IMG/left_2017_09_24_16_01_53_881.jpg,/Users/Jason/CarND/CarND-Behavioral-Cloning-P3/data/right-turn/IMG/right_2017_09_24_16_01_53_881.jpg,0.25,0,0,12.66732
/Users/Jason/CarND/CarND-Behavioral-Cloning-P3/data/right-turn/IMG/center_2017_09_24_16_01_53_948.jpg,/Users/Jason/CarND/CarND-Behavioral-Cloning-P3/data/right-turn/IMG/left_2017_09_24_16_01_53_948.jpg,/Users/Jason/CarND/CarND-Behavioral-Cloning-P3/data/right-turn/IMG/right_2017_09_24_16_01_53_948.jpg,0.2476258,0,0,12.58252
/Users/Jason/CarND/CarND-Behavioral-Cloning-P3/data/right-turn/IMG/center_2017_09_24_16_01_54_018.jpg,/Users/Jason/CarND/CarND-Behavioral-Cloning-P3/data/right-turn/IMG/left_2017_09_24_16_01_54_018.jpg,/Users/Jason/CarND/CarND-Behavioral-Cloning-P3/data/right-turn/IMG/right_2017_09_24_16_01_54_018.jpg,0.3976258,0,0,13.02026
/Users/Jason/CarND/CarND-Behavioral-Cloning-P3/data/right-turn/IMG/center_2017_09_24_16_01_54_089.jpg,/Users/Jason/CarND/CarND-Behavioral-Cloning-P3/data/right-turn/IMG/left_2017_09_24_16_01_54_089.jpg,/Users/Jason/CarND/CarND-Behavioral-Cloning-P3/data/right-turn/IMG/right_2017_09_24_16_01_54_089.jpg,0.5327098,0,0,12.81568
/Users/Jason/CarND/CarND-Behavioral-Cloning-P3/data/right-turn/IMG/center_2017_09_24_16_01_54_160.jpg,/Users/Jason/CarND/CarND-Behavioral-Cloning-P3/data/right-turn/IMG/left_2017_09_24_16_01_54_160.jpg,/Users/Jason/CarND/CarND-Behavioral-Cloning-P3/data/right-turn/IMG/right_2017_09_24_16_01_54_160.jpg,0.3485278,0,0,12.21878
/Users/Jason/CarND/CarND-Behavioral-Cloning-P3/data/right-turn/IMG/center_2017_09_24_16_01_54_227.jpg,/Users/Jason/CarND/CarND-Behavioral-Cloning-P3/data/right-turn/IMG/left_2017_09_24_16_01_54_227.jpg,/Users/Jason/CarND/CarND-Behavioral-Cloning-P3/data/right-turn/IMG/right_2017_09_24_16_01_54_227.jpg,0.1187128,0,0,12.22355
/Users/Jason/CarND/CarND-Behavioral-Cloning-P3/data/right-turn/IMG/center_2017_09_24_16_01_54_295.jpg,/Users/Jason/CarND/CarND-Behavioral-Cloning-P3/data/right-turn/IMG/left_2017_09_24_16_01_54_295.jpg,/Users/Jason/CarND/CarND-Behavioral-Cloning-P3/data/right-turn/IMG/right_2017_09_24_16_01_54_295.jpg,0,0,0,12.45098
/Users/Jason/CarND/CarND-Behavioral-Cloning-P3/data/right-turn/IMG/center_2017_09_24_16_01_54_363.jpg,/Users/Jason/CarND/CarND-Behavioral-Cloning-P3/data/right-turn/IMG/left_2017_09_24_16_01_54_363.jpg,/Users/Jason/CarND/CarND-Behavioral-Cloning-P3/data/right-turn/IMG/right_2017_09_24_16_01_54_363.jpg,0,0,0,12.15906
/Users/Jason/CarND/CarND-Behavioral-Cloning-P3/data/right-turn/IMG/center_2017_09_24_16_01_54_434.jpg,/Users/Jason/CarND/CarND-Behavioral-Cloning-P3/data/right-turn/IMG/left_2017_09_24_16_01_54_434.jpg,/Users/Jason/CarND/CarND-Behavioral-Cloning-P3/data/right-turn/IMG/right_2017_09_24_16_01_54_434.jpg,0,0,0,12.08196
/Users/Jason/CarND/CarND-Behavioral-Cloning-P3/data/right-turn/IMG/center_2017_09_24_16_01_54_501.jpg,/Users/Jason/CarND/CarND-Behavioral-Cloning-P3/data/right-turn/IMG/left_2017_09_24_16_01_54_501.jpg,/Users/Jason/CarND/CarND-Behavioral-Cloning-P3/data/right-turn/IMG/right_2017_09_24_16_01_54_501.jpg,0,0,0,12.26994
/Users/Jason/CarND/CarND-Behavioral-Cloning-P3/data/right-turn/IMG/center_2017_09_24_16_01_54_572.jpg,/Users/Jason/CarND/CarND-Behavioral-Cloning-P3/data/right-turn/IMG/left_2017_09_24_16_01_54_572.jpg,/Users/Jason/CarND/CarND-Behavioral-Cloning-P3/data/right-turn/IMG/right_2017_09_24_16_01_54_572.jpg,0.2,0,0,11.98082
/Users/Jason/CarND/CarND-Behavioral-Cloning-P3/data/right-turn/IMG/center_2017_09_24_16_01_54_643.jpg,/Users/Jason/CarND/CarND-Behavioral-Cloning-P3/data/right-turn/IMG/left_2017_09_24_16_01_54_643.jpg,/Users/Jason/CarND/CarND-Behavioral-Cloning-P3/data/right-turn/IMG/right_2017_09_24_16_01_54_643.jpg,0.2700391,0,0,11.87538
/Users/Jason/CarND/CarND-Behavioral-Cloning-P3/data/right-turn/IMG/center_2017_09_24_16_01_54_710.jpg,/Users/Jason/CarND/CarND-Behavioral-Cloning-P3/data/right-turn/IMG/left_2017_09_24_16_01_54_710.jpg,/Users/Jason/CarND/CarND-Behavioral-Cloning-P3/data/right-turn/IMG/right_2017_09_24_16_01_54_710.jpg,0.2488061,0,0,11.78032
/Users/Jason/CarND/CarND-Behavioral-Cloning-P3/data/right-turn/IMG/center_2017_09_24_16_01_54_779.jpg,/Users/Jason/CarND/CarND-Behavioral-Cloning-P3/data/right-turn/IMG/left_2017_09_24_16_01_54_779.jpg,/Users/Jason/CarND/CarND-Behavioral-Cloning-P3/data/right-turn/IMG/right_2017_09_24_16_01_54_779.jpg,0.3988061,0,0,11.72148
/Users/Jason/CarND/CarND-Behavioral-Cloning-P3/data/right-turn/IMG/center_2017_09_24_16_01_54_850.jpg,/Users/Jason/CarND/CarND-Behavioral-Cloning-P3/data/right-turn/IMG/left_2017_09_24_16_01_54_850.jpg,/Users/Jason/CarND/CarND-Behavioral-Cloning-P3/data/right-turn/IMG/right_2017_09_24_16_01_54_850.jpg,0.208374,0,0,11.70469
/Users/Jason/CarND/CarND-Behavioral-Cloning-P3/data/right-turn/IMG/center_2017_09_24_16_01_54_922.jpg,/Users/Jason/CarND/CarND-Behavioral-Cloning-P3/data/right-turn/IMG/left_2017_09_24_16_01_54_922.jpg,/Users/Jason/CarND/CarND-Behavioral-Cloning-P3/data/right-turn/IMG/right_2017_09_24_16_01_54_922.jpg,0.3583741,0,0,11.47679
/Users/Jason/CarND/CarND-Behavioral-Cloning-P3/data/right-turn/IMG/center_2017_09_24_16_01_54_993.jpg,/Users/Jason/CarND/CarND-Behavioral-Cloning-P3/data/right-turn/IMG/left_2017_09_24_16_01_54_993.jpg,/Users/Jason/CarND/CarND-Behavioral-Cloning-P3/data/right-turn/IMG/right_2017_09_24_16_01_54_993.jpg,0.5583741,0,0,11.3107
/Users/Jason/CarND/CarND-Behavioral-Cloning-P3/data/right-turn/IMG/center_2017_09_24_16_01_55_063.jpg,/Users/Jason/CarND/CarND-Behavioral-Cloning-P3/data/right-turn/IMG/left_2017_09_24_16_01_55_063.jpg,/Users/Jason/CarND/CarND-Behavioral-Cloning-P3/data/right-turn/IMG/right_2017_09_24_16_01_55_063.jpg,0.612543,0,0,11.26303
/Users/Jason/CarND/CarND-Behavioral-Cloning-P3/data/right-turn/IMG/center_2017_09_24_16_01_55_131.jpg,/Users/Jason/CarND/CarND-Behavioral-Cloning-P3/data/right-turn/IMG/left_2017_09_24_16_01_55_131.jpg,/Users/Jason/CarND/CarND-Behavioral-Cloning-P3/data/right-turn/IMG/right_2017_09_24_16_01_55_131.jpg,0.709968,0,0,11.14221
/Users/Jason/CarND/CarND-Behavioral-Cloning-P3/data/right-turn/IMG/center_2017_09_24_16_01_55_203.jpg,/Users/Jason/CarND/CarND-Behavioral-Cloning-P3/data/right-turn/IMG/left_2017_09_24_16_01_55_203.jpg,/Users/Jason/CarND/CarND-Behavioral-Cloning-P3/data/right-turn/IMG/right_2017_09_24_16_01_55_203.jpg,0.859968,0,0,11.00899
/Users/Jason/CarND/CarND-Behavioral-Cloning-P3/data/right-turn/IMG/center_2017_09_24_16_01_55_271.jpg,/Users/Jason/CarND/CarND-Behavioral-Cloning-P3/data/right-turn/IMG/left_2017_09_24_16_01_55_271.jpg,/Users/Jason/CarND/CarND-Behavioral-Cloning-P3/data/right-turn/IMG/right_2017_09_24_16_01_55_271.jpg,0.695277,0,0,10.8869
/Users/Jason/CarND/CarND-Behavioral-Cloning-P3/data/right-turn/IMG/center_2017_09_24_16_01_55_339.jpg,/Users/Jason/CarND/CarND-Behavioral-Cloning-P3/data/right-turn/IMG/left_2017_09_24_16_01_55_339.jpg,/Users/Jason/CarND/CarND-Behavioral-Cloning-P3/data/right-turn/IMG/right_2017_09_24_16_01_55_339.jpg,0.515076,0,0,10.84302
/Users/Jason/CarND/CarND-Behavioral-Cloning-P3/data/right-turn/IMG/center_2017_09_24_16_01_55_407.jpg,/Users/Jason/CarND/CarND-Behavioral-Cloning-P3/data/right-turn/IMG/left_2017_09_24_16_01_55_407.jpg,/Users/Jason/CarND/CarND-Behavioral-Cloning-P3/data/right-turn/IMG/right_2017_09_24_16_01_55_407.jpg,0.286842,0,0,10.77377
/Users/Jason/CarND/CarND-Behavioral-Cloning-P3/data/right-turn/IMG/center_2017_09_24_16_01_55_478.jpg,/Users/Jason/CarND/CarND-Behavioral-Cloning-P3/data/right-turn/IMG/left_2017_09_24_16_01_55_478.jpg,/Users/Jason/CarND/CarND-Behavioral-Cloning-P3/data/right-turn/IMG/right_2017_09_24_16_01_55_478.jpg,0.09618007,0,0,10.70498
/Users/Jason/CarND/CarND-Behavioral-Cloning-P3/data/right-turn/IMG/center_2017_09_24_16_01_55_551.jpg,/Users/Jason/CarND/CarND-Behavioral-Cloning-P3/data/right-turn/IMG/left_2017_09_24_16_01_55_551.jpg,/Users/Jason/CarND/CarND-Behavioral-Cloning-P3/data/right-turn/IMG/right_2017_09_24_16_01_55_551.jpg,-0.1,0,0,10.59419
/Users/Jason/CarND/CarND-Behavioral-Cloning-P3/data/right-turn/IMG/center_2017_09_24_16_01_55_620.jpg,/Users/Jason/CarND/CarND-Behavioral-Cloning-P3/data/right-turn/IMG/left_2017_09_24_16_01_55_620.jpg,/Users/Jason/CarND/CarND-Behavioral-Cloning-P3/data/right-turn/IMG/right_2017_09_24_16_01_55_620.jpg,-0.08114397,0,0,10.51482
/Users/Jason/CarND/CarND-Behavioral-Cloning-P3/data/right-turn/IMG/center_2017_09_24_16_01_55_694.jpg,/Users/Jason/CarND/CarND-Behavioral-Cloning-P3/data/right-turn/IMG/left_2017_09_24_16_01_55_694.jpg,/Users/Jason/CarND/CarND-Behavioral-Cloning-P3/data/right-turn/IMG/right_2017_09_24_16_01_55_694.jpg,0,0,0,10.43004
/Users/Jason/CarND/CarND-Behavioral-Cloning-P3/data/right-turn/IMG/center_2017_09_24_16_01_55_767.jpg,/Users/Jason/CarND/CarND-Behavioral-Cloning-P3/data/right-turn/IMG/left_2017_09_24_16_01_55_767.jpg,/Users/Jason/CarND/CarND-Behavioral-Cloning-P3/data/right-turn/IMG/right_2017_09_24_16_01_55_767.jpg,0,0,0,10.34605
/Users/Jason/CarND/CarND-Behavioral-Cloning-P3/data/right-turn/IMG/center_2017_09_24_16_01_55_835.jpg,/Users/Jason/CarND/CarND-Behavioral-Cloning-P3/data/right-turn/IMG/left_2017_09_24_16_01_55_835.jpg,/Users/Jason/CarND/CarND-Behavioral-Cloning-P3/data/right-turn/IMG/right_2017_09_24_16_01_55_835.jpg,0.05,0,0,10.28288
/Users/Jason/CarND/CarND-Behavioral-Cloning-P3/data/right-turn/IMG/center_2017_09_24_16_01_55_903.jpg,/Users/Jason/CarND/CarND-Behavioral-Cloning-P3/data/right-turn/IMG/left_2017_09_24_16_01_55_903.jpg,/Users/Jason/CarND/CarND-Behavioral-Cloning-P3/data/right-turn/IMG/right_2017_09_24_16_01_55_903.jpg,0.2,0,0,10.20957
/Users/Jason/CarND/CarND-Behavioral-Cloning-P3/data/right-turn/IMG/center_2017_09_24_16_01_55_977.jpg,/Users/Jason/CarND/CarND-Behavioral-Cloning-P3/data/right-turn/IMG/left_2017_09_24_16_01_55_977.jpg,/Users/Jason/CarND/CarND-Behavioral-Cloning-P3/data/right-turn/IMG/right_2017_09_24_16_01_55_977.jpg,0.3921059,0,0,10.08724
/Users/Jason/CarND/CarND-Behavioral-Cloning-P3/data/right-turn/IMG/center_2017_09_24_16_01_56_046.jpg,/Users/Jason/CarND/CarND-Behavioral-Cloning-P3/data/right-turn/IMG/left_2017_09_24_16_01_56_046.jpg,/Users/Jason/CarND/CarND-Behavioral-Cloning-P3/data/right-turn/IMG/right_2017_09_24_16_01_56_046.jpg,0.1610729,0,0,10.00525
/Users/Jason/CarND/CarND-Behavioral-Cloning-P3/data/right-turn/IMG/center_2017_09_24_16_01_56_115.jpg,/Users/Jason/CarND/CarND-Behavioral-Cloning-P3/data/right-turn/IMG/left_2017_09_24_16_01_56_115.jpg,/Users/Jason/CarND/CarND-Behavioral-Cloning-P3/data/right-turn/IMG/right_2017_09_24_16_01_56_115.jpg,0,0,0,9.940098
/Users/Jason/CarND/CarND-Behavioral-Cloning-P3/data/right-turn/IMG/center_2017_09_24_16_01_56_184.jpg,/Users/Jason/CarND/CarND-Behavioral-Cloning-P3/data/right-turn/IMG/left_2017_09_24_16_01_56_184.jpg,/Users/Jason/CarND/CarND-Behavioral-Cloning-P3/data/right-turn/IMG/right_2017_09_24_16_01_56_184.jpg,0.05,0,0,9.877599
/Users/Jason/CarND/CarND-Behavioral-Cloning-P3/data/right-turn/IMG/center_2017_09_24_16_01_56_255.jpg,/Users/Jason/CarND/CarND-Behavioral-Cloning-P3/data/right-turn/IMG/left_2017_09_24_16_01_56_255.jpg,/Users/Jason/CarND/CarND-Behavioral-Cloning-P3/data/right-turn/IMG/right_2017_09_24_16_01_56_255.jpg,0.25,0,0,9.786168
/Users/Jason/CarND/CarND-Behavioral-Cloning-P3/data/right-turn/IMG/center_2017_09_24_16_01_56_327.jpg,/Users/Jason/CarND/CarND-Behavioral-Cloning-P3/data/right-turn/IMG/left_2017_09_24_16_01_56_327.jpg,/Users/Jason/CarND/CarND-Behavioral-Cloning-P3/data/right-turn/IMG/right_2017_09_24_16_01_56_327.jpg,0.4504859,0,0,9.664883
/Users/Jason/CarND/CarND-Behavioral-Cloning-P3/data/right-turn/IMG/center_2017_09_24_16_01_56_398.jpg,/Users/Jason/CarND/CarND-Behavioral-Cloning-P3/data/right-turn/IMG/left_2017_09_24_16_01_56_398.jpg,/Users/Jason/CarND/CarND-Behavioral-Cloning-P3/data/right-turn/IMG/right_2017_09_24_16_01_56_398.jpg,0.260148,0,0,9.604849
/Users/Jason/CarND/CarND-Behavioral-Cloning-P3/data/right-turn/IMG/center_2017_09_24_16_01_56_470.jpg,/Users/Jason/CarND/CarND-Behavioral-Cloning-P3/data/right-turn/IMG/left_2017_09_24_16_01_56_470.jpg,/Users/Jason/CarND/CarND-Behavioral-Cloning-P3/data/right-turn/IMG/right_2017_09_24_16_01_56_470.jpg,0.2519409,0,0,9.529906
/Users/Jason/CarND/CarND-Behavioral-Cloning-P3/data/right-turn/IMG/center_2017_09_24_16_01_56_542.jpg,/Users/Jason/CarND/CarND-Behavioral-Cloning-P3/data/right-turn/IMG/left_2017_09_24_16_01_56_542.jpg,/Users/Jason/CarND/CarND-Behavioral-Cloning-P3/data/right-turn/IMG/right_2017_09_24_16_01_56_542.jpg,0.4019409,0,0,9.45769
/Users/Jason/CarND/CarND-Behavioral-Cloning-P3/data/right-turn/IMG/center_2017_09_24_16_01_56_612.jpg,/Users/Jason/CarND/CarND-Behavioral-Cloning-P3/data/right-turn/IMG/left_2017_09_24_16_01_56_612.jpg,/Users/Jason/CarND/CarND-Behavioral-Cloning-P3/data/right-turn/IMG/right_2017_09_24_16_01_56_612.jpg,0.201057,0,0,9.380294
/Users/Jason/CarND/CarND-Behavioral-Cloning-P3/data/right-turn/IMG/center_2017_09_24_16_01_56_685.jpg,/Users/Jason/CarND/CarND-Behavioral-Cloning-P3/data/right-turn/IMG/left_2017_09_24_16_01_56_685.jpg,/Users/Jason/CarND/CarND-Behavioral-Cloning-P3/data/right-turn/IMG/right_2017_09_24_16_01_56_685.jpg,0.02769291,0,0,9.320655
/Users/Jason/CarND/CarND-Behavioral-Cloning-P3/data/right-turn/IMG/center_2017_09_24_16_01_56_752.jpg,/Users/Jason/CarND/CarND-Behavioral-Cloning-P3/data/right-turn/IMG/left_2017_09_24_16_01_56_752.jpg,/Users/Jason/CarND/CarND-Behavioral-Cloning-P3/data/right-turn/IMG/right_2017_09_24_16_01_56_752.jpg,0.05,0,0,9.240542
/Users/Jason/CarND/CarND-Behavioral-Cloning-P3/data/right-turn/IMG/center_2017_09_24_16_01_56_821.jpg,/Users/Jason/CarND/CarND-Behavioral-Cloning-P3/data/right-turn/IMG/left_2017_09_24_16_01_56_821.jpg,/Users/Jason/CarND/CarND-Behavioral-Cloning-P3/data/right-turn/IMG/right_2017_09_24_16_01_56_821.jpg,0.2,0,0,9.178637
/Users/Jason/CarND/CarND-Behavioral-Cloning-P3/data/right-turn/IMG/center_2017_09_24_16_01_56_893.jpg,/Users/Jason/CarND/CarND-Behavioral-Cloning-P3/data/right-turn/IMG/left_2017_09_24_16_01_56_893.jpg,/Users/Jason/CarND/CarND-Behavioral-Cloning-P3/data/right-turn/IMG/right_2017_09_24_16_01_56_893.jpg,0.187098,0,0,9.088557
/Users/Jason/CarND/CarND-Behavioral-Cloning-P3/data/right-turn/IMG/center_2017_09_24_16_01_56_960.jpg,/Users/Jason/CarND/CarND-Behavioral-Cloning-P3/data/right-turn/IMG/left_2017_09_24_16_01_56_960.jpg,/Users/Jason/CarND/CarND-Behavioral-Cloning-P3/data/right-turn/IMG/right_2017_09_24_16_01_56_960.jpg,0.127751,0,0,9.034422
/Users/Jason/CarND/CarND-Behavioral-Cloning-P3/data/right-turn/IMG/center_2017_09_24_16_01_57_032.jpg,/Users/Jason/CarND/CarND-Behavioral-Cloning-P3/data/right-turn/IMG/left_2017_09_24_16_01_57_032.jpg,/Users/Jason/CarND/CarND-Behavioral-Cloning-P3/data/right-turn/IMG/right_2017_09_24_16_01_57_032.jpg,0.327751,0,0,8.948392
/Users/Jason/CarND/CarND-Behavioral-Cloning-P3/data/right-turn/IMG/center_2017_09_24_16_01_57_107.jpg,/Users/Jason/CarND/CarND-Behavioral-Cloning-P3/data/right-turn/IMG/left_2017_09_24_16_01_57_107.jpg,/Users/Jason/CarND/CarND-Behavioral-Cloning-P3/data/right-turn/IMG/right_2017_09_24_16_01_57_107.jpg,0.5567431,0,0,8.827898
/Users/Jason/CarND/CarND-Behavioral-Cloning-P3/data/right-turn/IMG/center_2017_09_24_16_01_57_177.jpg,/Users/Jason/CarND/CarND-Behavioral-Cloning-P3/data/right-turn/IMG/left_2017_09_24_16_01_57_177.jpg,/Users/Jason/CarND/CarND-Behavioral-Cloning-P3/data/right-turn/IMG/right_2017_09_24_16_01_57_177.jpg,0.368817,0,0,8.771894
/Users/Jason/CarND/CarND-Behavioral-Cloning-P3/data/right-turn/IMG/center_2017_09_24_16_01_57_244.jpg,/Users/Jason/CarND/CarND-Behavioral-Cloning-P3/data/right-turn/IMG/left_2017_09_24_16_01_57_244.jpg,/Users/Jason/CarND/CarND-Behavioral-Cloning-P3/data/right-turn/IMG/right_2017_09_24_16_01_57_244.jpg,0.295163,0,0,8.724394
/Users/Jason/CarND/CarND-Behavioral-Cloning-P3/data/right-turn/IMG/center_2017_09_24_16_01_57_311.jpg,/Users/Jason/CarND/CarND-Behavioral-Cloning-P3/data/right-turn/IMG/left_2017_09_24_16_01_57_311.jpg,/Users/Jason/CarND/CarND-Behavioral-Cloning-P3/data/right-turn/IMG/right_2017_09_24_16_01_57_311.jpg,0.4951631,0,0,8.636229
/Users/Jason/CarND/CarND-Behavioral-Cloning-P3/data/right-turn/IMG/center_2017_09_24_16_01_57_380.jpg,/Users/Jason/CarND/CarND-Behavioral-Cloning-P3/data/right-turn/IMG/left_2017_09_24_16_01_57_380.jpg,/Users/Jason/CarND/CarND-Behavioral-Cloning-P3/data/right-turn/IMG/right_2017_09_24_16_01_57_380.jpg,0.4589941,0,0,8.567521
/Users/Jason/CarND/CarND-Behavioral-Cloning-P3/data/right-turn/IMG/center_2017_09_24_16_01_57_453.jpg,/Users/Jason/CarND/CarND-Behavioral-Cloning-P3/data/right-turn/IMG/left_2017_09_24_16_01_57_453.jpg,/Users/Jason/CarND/CarND-Behavioral-Cloning-P3/data/right-turn/IMG/right_2017_09_24_16_01_57_453.jpg,0.2170021,0,0,8.507115
/Users/Jason/CarND/CarND-Behavioral-Cloning-P3/data/right-turn/IMG/center_2017_09_24_16_01_57_521.jpg,/Users/Jason/CarND/CarND-Behavioral-Cloning-P3/data/right-turn/IMG/left_2017_09_24_16_01_57_521.jpg,/Users/Jason/CarND/CarND-Behavioral-Cloning-P3/data/right-turn/IMG/right_2017_09_24_16_01_57_521.jpg,0.03672302,0,0,8.451439
/Users/Jason/CarND/CarND-Behavioral-Cloning-P3/data/right-turn/IMG/center_2017_09_24_16_01_57_594.jpg,/Users/Jason/CarND/CarND-Behavioral-Cloning-P3/data/right-turn/IMG/left_2017_09_24_16_01_57_594.jpg,/Users/Jason/CarND/CarND-Behavioral-Cloning-P3/data/right-turn/IMG/right_2017_09_24_16_01_57_594.jpg,0,0,0,8.376721
/Users/Jason/CarND/CarND-Behavioral-Cloning-P3/data/right-turn/IMG/center_2017_09_24_16_01_57_668.jpg,/Users/Jason/CarND/CarND-Behavioral-Cloning-P3/data/right-turn/IMG/left_2017_09_24_16_01_57_668.jpg,/Users/Jason/CarND/CarND-Behavioral-Cloning-P3/data/right-turn/IMG/right_2017_09_24_16_01_57_668.jpg,0,0,0,8.308863
/Users/Jason/CarND/CarND-Behavioral-Cloning-P3/data/right-turn/IMG/center_2017_09_24_16_01_57_739.jpg,/Users/Jason/CarND/CarND-Behavioral-Cloning-P3/data/right-turn/IMG/left_2017_09_24_16_01_57_739.jpg,/Users/Jason/CarND/CarND-Behavioral-Cloning-P3/data/right-turn/IMG/right_2017_09_24_16_01_57_739.jpg,0,0,0,8.258687
/Users/Jason/CarND/CarND-Behavioral-Cloning-P3/data/right-turn/IMG/center_2017_09_24_16_01_57_806.jpg,/Users/Jason/CarND/CarND-Behavioral-Cloning-P3/data/right-turn/IMG/left_2017_09_24_16_01_57_806.jpg,/Users/Jason/CarND/CarND-Behavioral-Cloning-P3/data/right-turn/IMG/right_2017_09_24_16_01_57_806.jpg,0,0,0,8.208852
/Users/Jason/CarND/CarND-Behavioral-Cloning-P3/data/right-turn/IMG/center_2017_09_24_16_01_57_878.jpg,/Users/Jason/CarND/CarND-Behavioral-Cloning-P3/data/right-turn/IMG/left_2017_09_24_16_01_57_878.jpg,/Users/Jason/CarND/CarND-Behavioral-Cloning-P3/data/right-turn/IMG/right_2017_09_24_16_01_57_878.jpg,0,0,0,8.142884
/Users/Jason/CarND/CarND-Behavioral-Cloning-P3/data/right-turn/IMG/center_2017_09_24_16_01_57_965.jpg,/Users/Jason/CarND/CarND-Behavioral-Cloning-P3/data/right-turn/IMG/left_2017_09_24_16_01_57_965.jpg,/Users/Jason/CarND/CarND-Behavioral-Cloning-P3/data/right-turn/IMG/right_2017_09_24_16_01_57_965.jpg,0.2,0,0,8.067687
/Users/Jason/CarND/CarND-Behavioral-Cloning-P3/data/right-turn/IMG/center_2017_09_24_16_01_58_034.jpg,/Users/Jason/CarND/CarND-Behavioral-Cloning-P3/data/right-turn/IMG/left_2017_09_24_16_01_58_034.jpg,/Users/Jason/CarND/CarND-Behavioral-Cloning-P3/data/right-turn/IMG/right_2017_09_24_16_01_58_034.jpg,0.4,0,0,7.970158
/Users/Jason/CarND/CarND-Behavioral-Cloning-P3/data/right-turn/IMG/center_2017_09_24_16_01_58_103.jpg,/Users/Jason/CarND/CarND-Behavioral-Cloning-P3/data/right-turn/IMG/left_2017_09_24_16_01_58_103.jpg,/Users/Jason/CarND/CarND-Behavioral-Cloning-P3/data/right-turn/IMG/right_2017_09_24_16_01_58_103.jpg,0.310242,0,0,7.912588
/Users/Jason/CarND/CarND-Behavioral-Cloning-P3/data/right-turn/IMG/center_2017_09_24_16_01_58_171.jpg,/Users/Jason/CarND/CarND-Behavioral-Cloning-P3/data/right-turn/IMG/left_2017_09_24_16_01_58_171.jpg,/Users/Jason/CarND/CarND-Behavioral-Cloning-P3/data/right-turn/IMG/right_2017_09_24_16_01_58_171.jpg,0.05967003,0,0,7.849967
/Users/Jason/CarND/CarND-Behavioral-Cloning-P3/data/right-turn/IMG/center_2017_09_24_16_01_58_241.jpg,/Users/Jason/CarND/CarND-Behavioral-Cloning-P3/data/right-turn/IMG/left_2017_09_24_16_01_58_241.jpg,/Users/Jason/CarND/CarND-Behavioral-Cloning-P3/data/right-turn/IMG/right_2017_09_24_16_01_58_241.jpg,0,0,0,7.797325
/Users/Jason/CarND/CarND-Behavioral-Cloning-P3/data/right-turn/IMG/center_2017_09_24_16_01_58_314.jpg,/Users/Jason/CarND/CarND-Behavioral-Cloning-P3/data/right-turn/IMG/left_2017_09_24_16_01_58_314.jpg,/Users/Jason/CarND/CarND-Behavioral-Cloning-P3/data/right-turn/IMG/right_2017_09_24_16_01_58_314.jpg,0,0.1998239,0,7.815212
/Users/Jason/CarND/CarND-Behavioral-Cloning-P3/data/right-turn/IMG/center_2017_09_24_16_01_58_382.jpg,/Users/Jason/CarND/CarND-Behavioral-Cloning-P3/data/right-turn/IMG/left_2017_09_24_16_01_58_382.jpg,/Users/Jason/CarND/CarND-Behavioral-Cloning-P3/data/right-turn/IMG/right_2017_09_24_16_01_58_382.jpg,0,0.35655,0,7.979911
/Users/Jason/CarND/CarND-Behavioral-Cloning-P3/data/right-turn/IMG/center_2017_09_24_16_01_58_450.jpg,/Users/Jason/CarND/CarND-Behavioral-Cloning-P3/data/right-turn/IMG/left_2017_09_24_16_01_58_450.jpg,/Users/Jason/CarND/CarND-Behavioral-Cloning-P3/data/right-turn/IMG/right_2017_09_24_16_01_58_450.jpg,0,0.6058799,0,8.399487
/Users/Jason/CarND/CarND-Behavioral-Cloning-P3/data/right-turn/IMG/center_2017_09_24_16_01_58_518.jpg,/Users/Jason/CarND/CarND-Behavioral-Cloning-P3/data/right-turn/IMG/left_2017_09_24_16_01_58_518.jpg,/Users/Jason/CarND/CarND-Behavioral-Cloning-P3/data/right-turn/IMG/right_2017_09_24_16_01_58_518.jpg,0,0.7879649,0,8.864788
/Users/Jason/CarND/CarND-Behavioral-Cloning-P3/data/right-turn/IMG/center_2017_09_24_16_01_58_588.jpg,/Users/Jason/CarND/CarND-Behavioral-Cloning-P3/data/right-turn/IMG/left_2017_09_24_16_01_58_588.jpg,/Users/Jason/CarND/CarND-Behavioral-Cloning-P3/data/right-turn/IMG/right_2017_09_24_16_01_58_588.jpg,0,1,0,9.678632
/Users/Jason/CarND/CarND-Behavioral-Cloning-P3/data/right-turn/IMG/center_2017_09_24_16_01_58_658.jpg,/Users/Jason/CarND/CarND-Behavioral-Cloning-P3/data/right-turn/IMG/left_2017_09_24_16_01_58_658.jpg,/Users/Jason/CarND/CarND-Behavioral-Cloning-P3/data/right-turn/IMG/right_2017_09_24_16_01_58_658.jpg,0.15,1,0,10.3404
/Users/Jason/CarND/CarND-Behavioral-Cloning-P3/data/right-turn/IMG/center_2017_09_24_16_01_58_734.jpg,/Users/Jason/CarND/CarND-Behavioral-Cloning-P3/data/right-turn/IMG/left_2017_09_24_16_01_58_734.jpg,/Users/Jason/CarND/CarND-Behavioral-Cloning-P3/data/right-turn/IMG/right_2017_09_24_16_01_58_734.jpg,0.35,1,0,11.19
/Users/Jason/CarND/CarND-Behavioral-Cloning-P3/data/right-turn/IMG/center_2017_09_24_16_01_58_802.jpg,/Users/Jason/CarND/CarND-Behavioral-Cloning-P3/data/right-turn/IMG/left_2017_09_24_16_01_58_802.jpg,/Users/Jason/CarND/CarND-Behavioral-Cloning-P3/data/right-turn/IMG/right_2017_09_24_16_01_58_802.jpg,0.3695907,1,0,11.65317
/Users/Jason/CarND/CarND-Behavioral-Cloning-P3/data/right-turn/IMG/center_2017_09_24_16_01_58_870.jpg,/Users/Jason/CarND/CarND-Behavioral-Cloning-P3/data/right-turn/IMG/left_2017_09_24_16_01_58_870.jpg,/Users/Jason/CarND/CarND-Behavioral-Cloning-P3/data/right-turn/IMG/right_2017_09_24_16_01_58_870.jpg,0.1205158,1,0,12.63589
/Users/Jason/CarND/CarND-Behavioral-Cloning-P3/data/right-turn/IMG/center_2017_09_24_16_01_58_943.jpg,/Users/Jason/CarND/CarND-Behavioral-Cloning-P3/data/right-turn/IMG/left_2017_09_24_16_01_58_943.jpg,/Users/Jason/CarND/CarND-Behavioral-Cloning-P3/data/right-turn/IMG/right_2017_09_24_16_01_58_943.jpg,0,1,0,13.34447
/Users/Jason/CarND/CarND-Behavioral-Cloning-P3/data/right-turn/IMG/center_2017_09_24_16_01_59_015.jpg,/Users/Jason/CarND/CarND-Behavioral-Cloning-P3/data/right-turn/IMG/left_2017_09_24_16_01_59_015.jpg,/Users/Jason/CarND/CarND-Behavioral-Cloning-P3/data/right-turn/IMG/right_2017_09_24_16_01_59_015.jpg,0,1,0,14.16918
/Users/Jason/CarND/CarND-Behavioral-Cloning-P3/data/right-turn/IMG/center_2017_09_24_16_01_59_085.jpg,/Users/Jason/CarND/CarND-Behavioral-Cloning-P3/data/right-turn/IMG/left_2017_09_24_16_01_59_085.jpg,/Users/Jason/CarND/CarND-Behavioral-Cloning-P3/data/right-turn/IMG/right_2017_09_24_16_01_59_085.jpg,0,1,0,14.86396
/Users/Jason/CarND/CarND-Behavioral-Cloning-P3/data/right-turn/IMG/center_2017_09_24_16_01_59_154.jpg,/Users/Jason/CarND/CarND-Behavioral-Cloning-P3/data/right-turn/IMG/left_2017_09_24_16_01_59_154.jpg,/Users/Jason/CarND/CarND-Behavioral-Cloning-P3/data/right-turn/IMG/right_2017_09_24_16_01_59_154.jpg,0,1,0,15.73152
/Users/Jason/CarND/CarND-Behavioral-Cloning-P3/data/right-turn/IMG/center_2017_09_24_16_01_59_225.jpg,/Users/Jason/CarND/CarND-Behavioral-Cloning-P3/data/right-turn/IMG/left_2017_09_24_16_01_59_225.jpg,/Users/Jason/CarND/CarND-Behavioral-Cloning-P3/data/right-turn/IMG/right_2017_09_24_16_01_59_225.jpg,0.05,1,0,16.23671
/Users/Jason/CarND/CarND-Behavioral-Cloning-P3/data/right-turn/IMG/center_2017_09_24_16_01_59_295.jpg,/Users/Jason/CarND/CarND-Behavioral-Cloning-P3/data/right-turn/IMG/left_2017_09_24_16_01_59_295.jpg,/Users/Jason/CarND/CarND-Behavioral-Cloning-P3/data/right-turn/IMG/right_2017_09_24_16_01_59_295.jpg,0.25,1,0,17.03798
/Users/Jason/CarND/CarND-Behavioral-Cloning-P3/data/right-turn/IMG/center_2017_09_24_16_01_59_366.jpg,/Users/Jason/CarND/CarND-Behavioral-Cloning-P3/data/right-turn/IMG/left_2017_09_24_16_01_59_366.jpg,/Users/Jason/CarND/CarND-Behavioral-Cloning-P3/data/right-turn/IMG/right_2017_09_24_16_01_59_366.jpg,0.287595,1,0,17.7892
/Users/Jason/CarND/CarND-Behavioral-Cloning-P3/data/right-turn/IMG/center_2017_09_24_16_01_59_435.jpg,/Users/Jason/CarND/CarND-Behavioral-Cloning-P3/data/right-turn/IMG/left_2017_09_24_16_01_59_435.jpg,/Users/Jason/CarND/CarND-Behavioral-Cloning-P3/data/right-turn/IMG/right_2017_09_24_16_01_59_435.jpg,0.05514603,1,0,18.61079
/Users/Jason/CarND/CarND-Behavioral-Cloning-P3/data/right-turn/IMG/center_2017_09_24_16_01_59_508.jpg,/Users/Jason/CarND/CarND-Behavioral-Cloning-P3/data/right-turn/IMG/left_2017_09_24_16_01_59_508.jpg,/Users/Jason/CarND/CarND-Behavioral-Cloning-P3/data/right-turn/IMG/right_2017_09_24_16_01_59_508.jpg,0,1,0,19.4132
/Users/Jason/CarND/CarND-Behavioral-Cloning-P3/data/right-turn/IMG/center_2017_09_24_16_01_59_577.jpg,/Users/Jason/CarND/CarND-Behavioral-Cloning-P3/data/right-turn/IMG/left_2017_09_24_16_01_59_577.jpg,/Users/Jason/CarND/CarND-Behavioral-Cloning-P3/data/right-turn/IMG/right_2017_09_24_16_01_59_577.jpg,0,1,0,19.8995
/Users/Jason/CarND/CarND-Behavioral-Cloning-P3/data/right-turn/IMG/center_2017_09_24_16_01_59_648.jpg,/Users/Jason/CarND/CarND-Behavioral-Cloning-P3/data/right-turn/IMG/left_2017_09_24_16_01_59_648.jpg,/Users/Jason/CarND/CarND-Behavioral-Cloning-P3/data/right-turn/IMG/right_2017_09_24_16_01_59_648.jpg,0.1,1,0,20.72045
/Users/Jason/CarND/CarND-Behavioral-Cloning-P3/data/right-turn/IMG/center_2017_09_24_16_01_59_718.jpg,/Users/Jason/CarND/CarND-Behavioral-Cloning-P3/data/right-turn/IMG/left_2017_09_24_16_01_59_718.jpg,/Users/Jason/CarND/CarND-Behavioral-Cloning-P3/data/right-turn/IMG/right_2017_09_24_16_01_59_718.jpg,0.25,1,0,21.37557
/Users/Jason/CarND/CarND-Behavioral-Cloning-P3/data/right-turn/IMG/center_2017_09_24_16_01_59_791.jpg,/Users/Jason/CarND/CarND-Behavioral-Cloning-P3/data/right-turn/IMG/left_2017_09_24_16_01_59_791.jpg,/Users/Jason/CarND/CarND-Behavioral-Cloning-P3/data/right-turn/IMG/right_2017_09_24_16_01_59_791.jpg,0.2608051,1,0,22.10229
/Users/Jason/CarND/CarND-Behavioral-Cloning-P3/data/right-turn/IMG/center_2017_09_24_16_01_59_863.jpg,/Users/Jason/CarND/CarND-Behavioral-Cloning-P3/data/right-turn/IMG/left_2017_09_24_16_01_59_863.jpg,/Users/Jason/CarND/CarND-Behavioral-Cloning-P3/data/right-turn/IMG/right_2017_09_24_16_01_59_863.jpg,0.09547502,1,0,22.66198
/Users/Jason/CarND/CarND-Behavioral-Cloning-P3/data/right-turn/IMG/center_2017_09_24_16_01_59_937.jpg,/Users/Jason/CarND/CarND-Behavioral-Cloning-P3/data/right-turn/IMG/left_2017_09_24_16_01_59_937.jpg,/Users/Jason/CarND/CarND-Behavioral-Cloning-P3/data/right-turn/IMG/right_2017_09_24_16_01_59_937.jpg,0,1,0,23.44556
/Users/Jason/CarND/CarND-Behavioral-Cloning-P3/data/right-turn/IMG/center_2017_09_24_16_02_00_009.jpg,/Users/Jason/CarND/CarND-Behavioral-Cloning-P3/data/right-turn/IMG/left_2017_09_24_16_02_00_009.jpg,/Users/Jason/CarND/CarND-Behavioral-Cloning-P3/data/right-turn/IMG/right_2017_09_24_16_02_00_009.jpg,0,1,0,24.2262
/Users/Jason/CarND/CarND-Behavioral-Cloning-P3/data/right-turn/IMG/center_2017_09_24_16_02_00_080.jpg,/Users/Jason/CarND/CarND-Behavioral-Cloning-P3/data/right-turn/IMG/left_2017_09_24_16_02_00_080.jpg,/Users/Jason/CarND/CarND-Behavioral-Cloning-P3/data/right-turn/IMG/right_2017_09_24_16_02_00_080.jpg,0,1,0,24.80897
/Users/Jason/CarND/CarND-Behavioral-Cloning-P3/data/right-turn/IMG/center_2017_09_24_16_02_00_150.jpg,/Users/Jason/CarND/CarND-Behavioral-Cloning-P3/data/right-turn/IMG/left_2017_09_24_16_02_00_150.jpg,/Users/Jason/CarND/CarND-Behavioral-Cloning-P3/data/right-turn/IMG/right_2017_09_24_16_02_00_150.jpg,0,1,0,25.57607
/Users/Jason/CarND/CarND-Behavioral-Cloning-P3/data/right-turn/IMG/center_2017_09_24_16_02_00_222.jpg,/Users/Jason/CarND/CarND-Behavioral-Cloning-P3/data/right-turn/IMG/left_2017_09_24_16_02_00_222.jpg,/Users/Jason/CarND/CarND-Behavioral-Cloning-P3/data/right-turn/IMG/right_2017_09_24_16_02_00_222.jpg,0.05,1,0,26.14698
/Users/Jason/CarND/CarND-Behavioral-Cloning-P3/data/right-turn/IMG/center_2017_09_24_16_02_00_294.jpg,/Users/Jason/CarND/CarND-Behavioral-Cloning-P3/data/right-turn/IMG/left_2017_09_24_16_02_00_294.jpg,/Users/Jason/CarND/CarND-Behavioral-Cloning-P3/data/right-turn/IMG/right_2017_09_24_16_02_00_294.jpg,0.25,1,0,26.87381
/Users/Jason/CarND/CarND-Behavioral-Cloning-P3/data/right-turn/IMG/center_2017_09_24_16_02_00_365.jpg,/Users/Jason/CarND/CarND-Behavioral-Cloning-P3/data/right-turn/IMG/left_2017_09_24_16_02_00_365.jpg,/Users/Jason/CarND/CarND-Behavioral-Cloning-P3/data/right-turn/IMG/right_2017_09_24_16_02_00_365.jpg,0.4,1,0,27.36634
/Users/Jason/CarND/CarND-Behavioral-Cloning-P3/data/right-turn/IMG/center_2017_09_24_16_02_00_439.jpg,/Users/Jason/CarND/CarND-Behavioral-Cloning-P3/data/right-turn/IMG/left_2017_09_24_16_02_00_439.jpg,/Users/Jason/CarND/CarND-Behavioral-Cloning-P3/data/right-turn/IMG/right_2017_09_24_16_02_00_439.jpg,0.307269,1,0,28.03189
/Users/Jason/CarND/CarND-Behavioral-Cloning-P3/data/right-turn/IMG/center_2017_09_24_16_02_00_507.jpg,/Users/Jason/CarND/CarND-Behavioral-Cloning-P3/data/right-turn/IMG/left_2017_09_24_16_02_00_507.jpg,/Users/Jason/CarND/CarND-Behavioral-Cloning-P3/data/right-turn/IMG/right_2017_09_24_16_02_00_507.jpg,0.07627201,1,0,28.77806
/Users/Jason/CarND/CarND-Behavioral-Cloning-P3/data/right-turn/IMG/center_2017_09_24_16_02_00_580.jpg,/Users/Jason/CarND/CarND-Behavioral-Cloning-P3/data/right-turn/IMG/left_2017_09_24_16_02_00_580.jpg,/Users/Jason/CarND/CarND-Behavioral-Cloning-P3/data/right-turn/IMG/right_2017_09_24_16_02_00_580.jpg,0,1,0,29.32051
/Users/Jason/CarND/CarND-Behavioral-Cloning-P3/data/right-turn/IMG/center_2017_09_24_16_02_00_652.jpg,/Users/Jason/CarND/CarND-Behavioral-Cloning-P3/data/right-turn/IMG/left_2017_09_24_16_02_00_652.jpg,/Users/Jason/CarND/CarND-Behavioral-Cloning-P3/data/right-turn/IMG/right_2017_09_24_16_02_00_652.jpg,0,1,0,30.04796
/Users/Jason/CarND/CarND-Behavioral-Cloning-P3/data/right-turn/IMG/center_2017_09_24_16_02_00_726.jpg,/Users/Jason/CarND/CarND-Behavioral-Cloning-P3/data/right-turn/IMG/left_2017_09_24_16_02_00_726.jpg,/Users/Jason/CarND/CarND-Behavioral-Cloning-P3/data/right-turn/IMG/right_2017_09_24_16_02_00_726.jpg,0,1,0,30.18979
/Users/Jason/CarND/CarND-Behavioral-Cloning-P3/data/right-turn/IMG/center_2017_09_24_16_02_00_794.jpg,/Users/Jason/CarND/CarND-Behavioral-Cloning-P3/data/right-turn/IMG/left_2017_09_24_16_02_00_794.jpg,/Users/Jason/CarND/CarND-Behavioral-Cloning-P3/data/right-turn/IMG/right_2017_09_24_16_02_00_794.jpg,-0.05,1,0,30.1894
/Users/Jason/CarND/CarND-Behavioral-Cloning-P3/data/right-turn/IMG/center_2017_09_24_16_02_00_868.jpg,/Users/Jason/CarND/CarND-Behavioral-Cloning-P3/data/right-turn/IMG/left_2017_09_24_16_02_00_868.jpg,/Users/Jason/CarND/CarND-Behavioral-Cloning-P3/data/right-turn/IMG/right_2017_09_24_16_02_00_868.jpg,-0.25,1,0,30.17351
/Users/Jason/CarND/CarND-Behavioral-Cloning-P3/data/right-turn/IMG/center_2017_09_24_16_02_00_941.jpg,/Users/Jason/CarND/CarND-Behavioral-Cloning-P3/data/right-turn/IMG/left_2017_09_24_16_02_00_941.jpg,/Users/Jason/CarND/CarND-Behavioral-Cloning-P3/data/right-turn/IMG/right_2017_09_24_16_02_00_941.jpg,-0.1393592,1,0,30.18841
/Users/Jason/CarND/CarND-Behavioral-Cloning-P3/data/right-turn/IMG/center_2017_09_24_16_02_01_013.jpg,/Users/Jason/CarND/CarND-Behavioral-Cloning-P3/data/right-turn/IMG/left_2017_09_24_16_02_01_013.jpg,/Users/Jason/CarND/CarND-Behavioral-Cloning-P3/data/right-turn/IMG/right_2017_09_24_16_02_01_013.jpg,0,1,0,30.18913
/Users/Jason/CarND/CarND-Behavioral-Cloning-P3/data/right-turn/IMG/center_2017_09_24_16_02_01_081.jpg,/Users/Jason/CarND/CarND-Behavioral-Cloning-P3/data/right-turn/IMG/left_2017_09_24_16_02_01_081.jpg,/Users/Jason/CarND/CarND-Behavioral-Cloning-P3/data/right-turn/IMG/right_2017_09_24_16_02_01_081.jpg,0,1,0,30.18996
/Users/Jason/CarND/CarND-Behavioral-Cloning-P3/data/right-turn/IMG/center_2017_09_24_16_02_01_153.jpg,/Users/Jason/CarND/CarND-Behavioral-Cloning-P3/data/right-turn/IMG/left_2017_09_24_16_02_01_153.jpg,/Users/Jason/CarND/CarND-Behavioral-Cloning-P3/data/right-turn/IMG/right_2017_09_24_16_02_01_153.jpg,0,1,0,30.19022
/Users/Jason/CarND/CarND-Behavioral-Cloning-P3/data/right-turn/IMG/center_2017_09_24_16_02_01_222.jpg,/Users/Jason/CarND/CarND-Behavioral-Cloning-P3/data/right-turn/IMG/left_2017_09_24_16_02_01_222.jpg,/Users/Jason/CarND/CarND-Behavioral-Cloning-P3/data/right-turn/IMG/right_2017_09_24_16_02_01_222.jpg,0,1,0,30.19029
/Users/Jason/CarND/CarND-Behavioral-Cloning-P3/data/right-turn/IMG/center_2017_09_24_16_02_01_293.jpg,/Users/Jason/CarND/CarND-Behavioral-Cloning-P3/data/right-turn/IMG/left_2017_09_24_16_02_01_293.jpg,/Users/Jason/CarND/CarND-Behavioral-Cloning-P3/data/right-turn/IMG/right_2017_09_24_16_02_01_293.jpg,0,1,0,30.19029
/Users/Jason/CarND/CarND-Behavioral-Cloning-P3/data/right-turn/IMG/center_2017_09_24_16_02_01_364.jpg,/Users/Jason/CarND/CarND-Behavioral-Cloning-P3/data/right-turn/IMG/left_2017_09_24_16_02_01_364.jpg,/Users/Jason/CarND/CarND-Behavioral-Cloning-P3/data/right-turn/IMG/right_2017_09_24_16_02_01_364.jpg,0,1,0,30.19032
/Users/Jason/CarND/CarND-Behavioral-Cloning-P3/data/right-turn/IMG/center_2017_09_24_16_02_01_432.jpg,/Users/Jason/CarND/CarND-Behavioral-Cloning-P3/data/right-turn/IMG/left_2017_09_24_16_02_01_432.jpg,/Users/Jason/CarND/CarND-Behavioral-Cloning-P3/data/right-turn/IMG/right_2017_09_24_16_02_01_432.jpg,0,1,0,30.19026
/Users/Jason/CarND/CarND-Behavioral-Cloning-P3/data/right-turn/IMG/center_2017_09_24_16_02_01_502.jpg,/Users/Jason/CarND/CarND-Behavioral-Cloning-P3/data/right-turn/IMG/left_2017_09_24_16_02_01_502.jpg,/Users/Jason/CarND/CarND-Behavioral-Cloning-P3/data/right-turn/IMG/right_2017_09_24_16_02_01_502.jpg,0,1,0,30.1903
/Users/Jason/CarND/CarND-Behavioral-Cloning-P3/data/right-turn/IMG/center_2017_09_24_16_02_01_572.jpg,/Users/Jason/CarND/CarND-Behavioral-Cloning-P3/data/right-turn/IMG/left_2017_09_24_16_02_01_572.jpg,/Users/Jason/CarND/CarND-Behavioral-Cloning-P3/data/right-turn/IMG/right_2017_09_24_16_02_01_572.jpg,0,1,0,30.19029
/Users/Jason/CarND/CarND-Behavioral-Cloning-P3/data/right-turn/IMG/center_2017_09_24_16_02_01_640.jpg,/Users/Jason/CarND/CarND-Behavioral-Cloning-P3/data/right-turn/IMG/left_2017_09_24_16_02_01_640.jpg,/Users/Jason/CarND/CarND-Behavioral-Cloning-P3/data/right-turn/IMG/right_2017_09_24_16_02_01_640.jpg,0,1,0,30.1902
/Users/Jason/CarND/CarND-Behavioral-Cloning-P3/data/right-turn/IMG/center_2017_09_24_16_02_01_710.jpg,/Users/Jason/CarND/CarND-Behavioral-Cloning-P3/data/right-turn/IMG/left_2017_09_24_16_02_01_710.jpg,/Users/Jason/CarND/CarND-Behavioral-Cloning-P3/data/right-turn/IMG/right_2017_09_24_16_02_01_710.jpg,0,1,0,30.1903
/Users/Jason/CarND/CarND-Behavioral-Cloning-P3/data/right-turn/IMG/center_2017_09_24_16_02_01_780.jpg,/Users/Jason/CarND/CarND-Behavioral-Cloning-P3/data/right-turn/IMG/left_2017_09_24_16_02_01_780.jpg,/Users/Jason/CarND/CarND-Behavioral-Cloning-P3/data/right-turn/IMG/right_2017_09_24_16_02_01_780.jpg,0,1,0,30.19032
/Users/Jason/CarND/CarND-Behavioral-Cloning-P3/data/right-turn/IMG/center_2017_09_24_16_02_01_849.jpg,/Users/Jason/CarND/CarND-Behavioral-Cloning-P3/data/right-turn/IMG/left_2017_09_24_16_02_01_849.jpg,/Users/Jason/CarND/CarND-Behavioral-Cloning-P3/data/right-turn/IMG/right_2017_09_24_16_02_01_849.jpg,0,0.8817881,0,30.16737
/Users/Jason/CarND/CarND-Behavioral-Cloning-P3/data/right-turn/IMG/center_2017_09_24_16_02_01_923.jpg,/Users/Jason/CarND/CarND-Behavioral-Cloning-P3/data/right-turn/IMG/left_2017_09_24_16_02_01_923.jpg,/Users/Jason/CarND/CarND-Behavioral-Cloning-P3/data/right-turn/IMG/right_2017_09_24_16_02_01_923.jpg,0,0.707812,0,30.12306
/Users/Jason/CarND/CarND-Behavioral-Cloning-P3/data/right-turn/IMG/center_2017_09_24_16_02_01_994.jpg,/Users/Jason/CarND/CarND-Behavioral-Cloning-P3/data/right-turn/IMG/left_2017_09_24_16_02_01_994.jpg,/Users/Jason/CarND/CarND-Behavioral-Cloning-P3/data/right-turn/IMG/right_2017_09_24_16_02_01_994.jpg,0,0.44686,0,30.06335
/Users/Jason/CarND/CarND-Behavioral-Cloning-P3/data/right-turn/IMG/center_2017_09_24_16_02_02_062.jpg,/Users/Jason/CarND/CarND-Behavioral-Cloning-P3/data/right-turn/IMG/left_2017_09_24_16_02_02_062.jpg,/Users/Jason/CarND/CarND-Behavioral-Cloning-P3/data/right-turn/IMG/right_2017_09_24_16_02_02_062.jpg,0,0.287758,0,30.01643
/Users/Jason/CarND/CarND-Behavioral-Cloning-P3/data/right-turn/IMG/center_2017_09_24_16_02_02_131.jpg,/Users/Jason/CarND/CarND-Behavioral-Cloning-P3/data/right-turn/IMG/left_2017_09_24_16_02_02_131.jpg,/Users/Jason/CarND/CarND-Behavioral-Cloning-P3/data/right-turn/IMG/right_2017_09_24_16_02_02_131.jpg,0,0.03527808,0,29.92177
/Users/Jason/CarND/CarND-Behavioral-Cloning-P3/data/right-turn/IMG/center_2017_09_24_16_02_02_198.jpg,/Users/Jason/CarND/CarND-Behavioral-Cloning-P3/data/right-turn/IMG/left_2017_09_24_16_02_02_198.jpg,/Users/Jason/CarND/CarND-Behavioral-Cloning-P3/data/right-turn/IMG/right_2017_09_24_16_02_02_198.jpg,0,0,0,29.74462
/Users/Jason/CarND/CarND-Behavioral-Cloning-P3/data/right-turn/IMG/center_2017_09_24_16_02_02_272.jpg,/Users/Jason/CarND/CarND-Behavioral-Cloning-P3/data/right-turn/IMG/left_2017_09_24_16_02_02_272.jpg,/Users/Jason/CarND/CarND-Behavioral-Cloning-P3/data/right-turn/IMG/right_2017_09_24_16_02_02_272.jpg,0,0,0,29.50534
/Users/Jason/CarND/CarND-Behavioral-Cloning-P3/data/right-turn/IMG/center_2017_09_24_16_02_02_340.jpg,/Users/Jason/CarND/CarND-Behavioral-Cloning-P3/data/right-turn/IMG/left_2017_09_24_16_02_02_340.jpg,/Users/Jason/CarND/CarND-Behavioral-Cloning-P3/data/right-turn/IMG/right_2017_09_24_16_02_02_340.jpg,0,0,0,29.32722
/Users/Jason/CarND/CarND-Behavioral-Cloning-P3/data/right-turn/IMG/center_2017_09_24_16_02_02_412.jpg,/Users/Jason/CarND/CarND-Behavioral-Cloning-P3/data/right-turn/IMG/left_2017_09_24_16_02_02_412.jpg,/Users/Jason/CarND/CarND-Behavioral-Cloning-P3/data/right-turn/IMG/right_2017_09_24_16_02_02_412.jpg,0,0,0,29.09139
/Users/Jason/CarND/CarND-Behavioral-Cloning-P3/data/right-turn/IMG/center_2017_09_24_16_02_02_484.jpg,/Users/Jason/CarND/CarND-Behavioral-Cloning-P3/data/right-turn/IMG/left_2017_09_24_16_02_02_484.jpg,/Users/Jason/CarND/CarND-Behavioral-Cloning-P3/data/right-turn/IMG/right_2017_09_24_16_02_02_484.jpg,0,0,0,28.91577
/Users/Jason/CarND/CarND-Behavioral-Cloning-P3/data/right-turn/IMG/center_2017_09_24_16_02_02_555.jpg,/Users/Jason/CarND/CarND-Behavioral-Cloning-P3/data/right-turn/IMG/left_2017_09_24_16_02_02_555.jpg,/Users/Jason/CarND/CarND-Behavioral-Cloning-P3/data/right-turn/IMG/right_2017_09_24_16_02_02_555.jpg,0,0,0,28.68325
/Users/Jason/CarND/CarND-Behavioral-Cloning-P3/data/right-turn/IMG/center_2017_09_24_16_02_02_625.jpg,/Users/Jason/CarND/CarND-Behavioral-Cloning-P3/data/right-turn/IMG/left_2017_09_24_16_02_02_625.jpg,/Users/Jason/CarND/CarND-Behavioral-Cloning-P3/data/right-turn/IMG/right_2017_09_24_16_02_02_625.jpg,0,0,0,28.51009
/Users/Jason/CarND/CarND-Behavioral-Cloning-P3/data/right-turn/IMG/center_2017_09_24_16_02_02_697.jpg,/Users/Jason/CarND/CarND-Behavioral-Cloning-P3/data/right-turn/IMG/left_2017_09_24_16_02_02_697.jpg,/Users/Jason/CarND/CarND-Behavioral-Cloning-P3/data/right-turn/IMG/right_2017_09_24_16_02_02_697.jpg,0,0,0,28.28084
/Users/Jason/CarND/CarND-Behavioral-Cloning-P3/data/right-turn/IMG/center_2017_09_24_16_02_02_769.jpg,/Users/Jason/CarND/CarND-Behavioral-Cloning-P3/data/right-turn/IMG/left_2017_09_24_16_02_02_769.jpg,/Users/Jason/CarND/CarND-Behavioral-Cloning-P3/data/right-turn/IMG/right_2017_09_24_16_02_02_769.jpg,0,0,0,28.05343
/Users/Jason/CarND/CarND-Behavioral-Cloning-P3/data/right-turn/IMG/center_2017_09_24_16_02_02_840.jpg,/Users/Jason/CarND/CarND-Behavioral-Cloning-P3/data/right-turn/IMG/left_2017_09_24_16_02_02_840.jpg,/Users/Jason/CarND/CarND-Behavioral-Cloning-P3/data/right-turn/IMG/right_2017_09_24_16_02_02_840.jpg,0,0,0,27.88408
/Users/Jason/CarND/CarND-Behavioral-Cloning-P3/data/right-turn/IMG/center_2017_09_24_16_02_02_910.jpg,/Users/Jason/CarND/CarND-Behavioral-Cloning-P3/data/right-turn/IMG/left_2017_09_24_16_02_02_910.jpg,/Users/Jason/CarND/CarND-Behavioral-Cloning-P3/data/right-turn/IMG/right_2017_09_24_16_02_02_910.jpg,0,0,0,27.65987
/Users/Jason/CarND/CarND-Behavioral-Cloning-P3/data/right-turn/IMG/center_2017_09_24_16_02_02_981.jpg,/Users/Jason/CarND/CarND-Behavioral-Cloning-P3/data/right-turn/IMG/left_2017_09_24_16_02_02_981.jpg,/Users/Jason/CarND/CarND-Behavioral-Cloning-P3/data/right-turn/IMG/right_2017_09_24_16_02_02_981.jpg,0,0,0,27.49289
/Users/Jason/CarND/CarND-Behavioral-Cloning-P3/data/right-turn/IMG/center_2017_09_24_16_02_03_113.jpg,/Users/Jason/CarND/CarND-Behavioral-Cloning-P3/data/right-turn/IMG/left_2017_09_24_16_02_03_113.jpg,/Users/Jason/CarND/CarND-Behavioral-Cloning-P3/data/right-turn/IMG/right_2017_09_24_16_02_03_113.jpg,0,0,0,25.41888
